date,california,colorado,florida,massachusetts,minnesota,newyork,ohio,texas,washington,alabama,mississippi,louisiana,arkansas,newmexico,maine,vermont,newhampshire,connecticut,rhodeisland,pennsylvania,maryland,newjersey,delaware,westvirginia,virginia,northcarolina,southcarolina,georgia,northdakota,southdakota,nebraska,kansas,oklahoma,iowa,missouri,wisconsin,illinois,indiana,michigan,kentucky,tennessee,montana,idaho,wyoming,utah,oregon,nevada,arizona,alaska,hawaii
Jun-2000,1.669,1.636,,,1.757,1.702,,1.54,,1.54,1.54,1.54,1.54,1.54,1.661,1.54,1.54,1.54,1.54,1.64,1.64,1.64,1.64,1.56,1.56,1.56,1.56,1.56,1.807,1.807,1.807,1.807,1.807,1.807,1.807,1.807,1.807,1.807,1.807,1.807,1.807,1.604,1.807,1.807,1.807,1.595,1.595,1.595,1.595,1.595
Jul-2000,1.754,1.665,,,1.478,1.75,,1.549,,1.55,1.55,1.55,1.55,1.55,1.674,1.55,1.55,1.55,1.55,1.67,1.67,1.67,1.67,1.556,1.556,1.556,1.556,1.556,1.543,1.543,1.543,1.543,1.543,1.543,1.543,1.543,1.543,1.543,1.543,1.543,1.543,1.64,1.543,1.543,1.543,1.66,1.66,1.66,1.66,1.66
Aug-2000,1.72,1.572,,,1.489,1.678,,1.46,,1.466,1.466,1.466,1.466,1.466,1.63,1.466,1.466,1.466,1.466,1.608,1.608,1.608,1.608,1.465,1.465,1.465,1.465,1.465,1.421,1.421,1.421,1.421,1.421,1.421,1.421,1.421,1.421,1.421,1.421,1.421,1.421,1.59,1.421,1.421,1.421,1.662,1.662,1.662,1.662,1.662
Sep-2000,1.869,1.61,,,1.614,1.668,,1.491,,1.499,1.499,1.499,1.499,1.499,1.639,1.499,1.499,1.499,1.499,1.62,1.62,1.62,1.62,1.509,1.509,1.509,1.509,1.509,1.566,1.566,1.566,1.566,1.566,1.566,1.566,1.566,1.566,1.566,1.566,1.566,1.566,1.634,1.566,1.566,1.566,1.735,1.735,1.735,1.735,1.735
Oct-2000,1.856,1.609,,,1.544,1.664,,1.468,,1.481,1.481,1.481,1.481,1.481,1.624,1.481,1.481,1.481,1.481,1.605,1.605,1.605,1.605,1.496,1.496,1.496,1.496,1.496,1.536,1.536,1.536,1.536,1.536,1.536,1.536,1.536,1.536,1.536,1.536,1.536,1.536,1.651,1.536,1.536,1.536,1.737,1.737,1.737,1.737,1.737
Nov-2000,1.811,1.598,,,1.511,1.663,,1.455,,1.463,1.463,1.463,1.463,1.463,1.619,1.463,1.463,1.463,1.463,1.599,1.599,1.599,1.599,1.479,1.479,1.479,1.479,1.479,1.531,1.531,1.531,1.531,1.531,1.531,1.531,1.531,1.531,1.531,1.531,1.531,1.531,1.636,1.531,1.531,1.531,1.709,1.709,1.709,1.709,1.709
Dec-2000,1.726,1.527,,,1.456,1.632,,1.391,,1.403,1.403,1.403,1.403,1.403,1.585,1.403,1.403,1.403,1.403,1.559,1.559,1.559,1.559,1.417,1.417,1.417,1.417,1.417,1.433,1.433,1.433,1.433,1.433,1.433,1.433,1.433,1.433,1.433,1.433,1.433,1.433,1.539,1.433,1.433,1.433,1.653,1.653,1.653,1.653,1.653
Jan-2001,1.646,1.478,,,1.561,1.591,,1.405,,1.417,1.417,1.417,1.417,1.417,1.547,1.417,1.417,1.417,1.417,1.521,1.521,1.521,1.521,1.431,1.431,1.431,1.431,1.431,1.486,1.486,1.486,1.486,1.486,1.486,1.486,1.486,1.486,1.486,1.486,1.486,1.486,1.466,1.486,1.486,1.486,1.571,1.571,1.571,1.571,1.571
Feb-2001,1.682,1.512,,,1.569,1.577,,1.422,,1.436,1.436,1.436,1.436,1.436,1.531,1.436,1.436,1.436,1.436,1.515,1.515,1.515,1.515,1.455,1.455,1.455,1.455,1.455,1.467,1.467,1.467,1.467,1.467,1.467,1.467,1.467,1.467,1.467,1.467,1.467,1.467,1.476,1.467,1.467,1.467,1.568,1.568,1.568,1.568,1.568
Mar-2001,1.738,1.472,,,1.426,1.546,,1.361,,1.387,1.387,1.387,1.387,1.387,1.497,1.387,1.387,1.387,1.387,1.476,1.476,1.476,1.476,1.401,1.401,1.401,1.401,1.401,1.404,1.404,1.404,1.404,1.404,1.404,1.404,1.404,1.404,1.404,1.404,1.404,1.404,1.47,1.404,1.404,1.404,1.585,1.585,1.585,1.585,1.585
Apr-2001,1.837,1.601,,,1.624,1.633,,1.522,,1.522,1.522,1.522,1.522,1.522,1.569,1.522,1.522,1.522,1.522,1.573,1.573,1.573,1.573,1.529,1.529,1.529,1.529,1.529,1.611,1.611,1.611,1.611,1.611,1.611,1.611,1.611,1.611,1.611,1.611,1.611,1.611,1.558,1.611,1.611,1.611,1.594,1.594,1.594,1.594,1.594
May-2001,1.993,1.789,,,1.821,1.818,,1.633,,1.622,1.622,1.622,1.622,1.622,1.755,1.622,1.622,1.622,1.622,1.737,1.737,1.737,1.737,1.611,1.611,1.611,1.611,1.611,1.818,1.818,1.818,1.818,1.818,1.818,1.818,1.818,1.818,1.818,1.818,1.818,1.818,1.699,1.818,1.818,1.818,1.642,1.642,1.642,1.642,1.642
Jun-2001,1.975,1.766,,,1.622,1.804,,1.566,,1.551,1.551,1.551,1.551,1.551,1.765,1.551,1.551,1.551,1.551,1.724,1.724,1.724,1.724,1.541,1.541,1.541,1.541,1.541,1.619,1.619,1.619,1.619,1.619,1.619,1.619,1.619,1.619,1.619,1.619,1.619,1.619,1.693,1.619,1.619,1.619,1.659,1.659,1.659,1.659,1.659
Jul-2001,1.817,1.54,,,1.384,1.671,,1.357,,1.352,1.352,1.352,1.352,1.352,1.618,1.352,1.352,1.352,1.352,1.596,1.596,1.596,1.596,1.358,1.358,1.358,1.358,1.358,1.34,1.34,1.34,1.34,1.34,1.34,1.34,1.34,1.34,1.34,1.34,1.34,1.34,1.544,1.34,1.34,1.34,,,,,
Aug-2001,1.608,1.472,,,1.601,1.574,,1.336,,1.338,1.338,1.338,1.338,1.338,1.502,1.338,1.338,1.338,1.338,1.504,1.504,1.504,1.504,1.341,1.341,1.341,1.341,1.341,1.502,1.502,1.502,1.502,1.502,1.502,1.502,1.502,1.502,1.502,1.502,1.502,1.502,1.471,1.502,1.502,1.502,,,,,
Sep-2001,1.708,1.669,,,1.739,1.561,,1.422,,1.424,1.424,1.424,1.424,1.424,1.491,1.424,1.424,1.424,1.424,1.495,1.495,1.495,1.495,1.419,1.419,1.419,1.419,1.419,1.661,1.661,1.661,1.661,1.661,1.661,1.661,1.661,1.661,1.661,1.661,1.661,1.661,1.609,1.661,1.661,1.661,,,,,
Oct-2001,1.592,1.466,,,1.29,1.469,,1.269,,1.275,1.275,1.275,1.275,1.275,1.408,1.275,1.275,1.275,1.275,1.38,1.38,1.38,1.38,1.266,1.266,1.266,1.266,1.266,1.281,1.281,1.281,1.281,1.281,1.281,1.281,1.281,1.281,1.281,1.281,1.281,1.281,1.498,1.281,1.281,1.281,,,,,
Nov-2001,1.403,1.215,,,1.176,1.339,,1.116,,1.126,1.126,1.126,1.126,1.126,1.267,1.126,1.126,1.126,1.126,1.243,1.243,1.243,1.243,1.12,1.12,1.12,1.12,1.12,1.16,1.16,1.16,1.16,1.16,1.16,1.16,1.16,1.16,1.16,1.16,1.16,1.16,1.3,1.16,1.16,1.16,,,,,
Dec-2001,1.204,1.102,,,1.102,1.236,,1.052,,1.062,1.062,1.062,1.062,1.062,1.166,1.062,1.062,1.062,1.062,1.156,1.156,1.156,1.156,1.065,1.065,1.065,1.065,1.065,1.119,1.119,1.119,1.119,1.119,1.119,1.119,1.119,1.119,1.119,1.119,1.119,1.119,1.153,1.119,1.119,1.119,,,,,
Jan-2002,1.231,1.149,,,1.149,1.253,,1.082,,1.095,1.095,1.095,1.095,1.095,1.192,1.095,1.095,1.095,1.095,1.178,1.178,1.178,1.178,1.11,1.11,1.11,1.11,1.11,1.129,1.129,1.129,1.129,1.129,1.129,1.129,1.129,1.129,1.129,1.129,1.129,1.129,1.156,1.129,1.129,1.129,,,,,
Feb-2002,1.319,1.154,,,1.12,1.252,,1.086,,1.094,1.094,1.094,1.094,1.094,1.195,1.094,1.094,1.094,1.094,1.178,1.178,1.178,1.178,1.102,1.102,1.102,1.102,1.102,1.126,1.126,1.126,1.126,1.126,1.126,1.126,1.126,1.126,1.126,1.126,1.126,1.126,1.149,1.126,1.126,1.126,,,,,
Mar-2002,1.507,1.274,,,1.324,1.332,,1.224,,1.225,1.225,1.225,1.225,1.225,1.285,1.225,1.225,1.225,1.225,1.27,1.27,1.27,1.27,1.226,1.226,1.226,1.226,1.226,1.289,1.289,1.289,1.289,1.289,1.289,1.289,1.289,1.289,1.289,1.289,1.289,1.289,1.253,1.289,1.289,1.289,,,,,
Apr-2002,1.657,1.42,,,1.434,1.516,,1.375,,1.375,1.375,1.375,1.375,1.375,1.441,1.375,1.375,1.375,1.375,1.44,1.44,1.44,1.44,1.399,1.399,1.399,1.399,1.399,1.412,1.412,1.412,1.412,1.412,1.412,1.412,1.412,1.412,1.412,1.412,1.412,1.412,1.426,1.412,1.412,1.412,,,,,
May-2002,1.617,1.425,,,1.364,1.541,,1.372,,1.368,1.368,1.368,1.368,1.368,1.46,1.368,1.368,1.368,1.368,1.457,1.457,1.457,1.457,1.383,1.383,1.383,1.383,1.383,1.41,1.41,1.41,1.41,1.41,1.41,1.41,1.41,1.41,1.41,1.41,1.41,1.41,1.427,1.41,1.41,1.41,,,,,
Jun-2002,1.633,1.397,,,1.345,1.526,,1.35,,1.346,1.346,1.346,1.346,1.346,1.444,1.346,1.346,1.346,1.346,1.443,1.443,1.443,1.443,1.354,1.354,1.354,1.354,1.354,1.402,1.402,1.402,1.402,1.402,1.402,1.402,1.402,1.402,1.402,1.402,1.402,1.402,1.421,1.402,1.402,1.402,,,,,
Jul-2002,1.648,1.464,,,1.443,1.524,,1.343,,1.345,1.345,1.345,1.345,1.345,1.444,1.345,1.345,1.345,1.345,1.447,1.447,1.447,1.447,1.358,1.358,1.358,1.358,1.358,1.432,1.432,1.432,1.432,1.432,1.432,1.432,1.432,1.432,1.432,1.432,1.432,1.432,1.468,1.432,1.432,1.432,,,,,
Aug-2002,1.637,1.49,,,1.444,1.562,,1.354,,1.353,1.353,1.353,1.353,1.353,1.483,1.353,1.353,1.353,1.353,1.474,1.474,1.474,1.474,1.364,1.364,1.364,1.364,1.364,1.409,1.409,1.409,1.409,1.409,1.409,1.409,1.409,1.409,1.409,1.409,1.409,1.409,1.498,1.409,1.409,1.409,,,,,
Sep-2002,1.627,1.461,,,1.442,1.567,,1.367,,1.365,1.365,1.365,1.365,1.365,1.485,1.365,1.365,1.365,1.365,1.48,1.48,1.48,1.48,1.369,1.369,1.369,1.369,1.369,1.418,1.418,1.418,1.418,1.418,1.418,1.418,1.418,1.418,1.418,1.418,1.418,1.418,1.483,1.418,1.418,1.418,,,,,
Oct-2002,1.579,1.52,,,1.548,1.585,,1.433,,1.43,1.43,1.43,1.43,1.43,1.5,1.43,1.43,1.43,1.43,1.499,1.499,1.499,1.499,1.444,1.444,1.444,1.444,1.444,1.506,1.506,1.506,1.506,1.506,1.506,1.506,1.506,1.506,1.506,1.506,1.506,1.506,1.506,1.506,1.506,1.506,,,,,
Nov-2002,1.624,1.497,,,1.433,1.601,,1.395,,1.406,1.406,1.406,1.406,1.406,1.525,1.406,1.406,1.406,1.406,1.51,1.51,1.51,1.51,1.416,1.416,1.416,1.416,1.416,1.423,1.423,1.423,1.423,1.423,1.423,1.423,1.423,1.423,1.423,1.423,1.423,1.423,1.487,1.423,1.423,1.423,,,,,
Dec-2002,1.585,1.426,,,1.383,1.606,,1.365,,1.378,1.378,1.378,1.378,1.378,1.525,1.378,1.378,1.378,1.378,1.509,1.509,1.509,1.509,1.383,1.383,1.383,1.383,1.383,1.377,1.377,1.377,1.377,1.377,1.377,1.377,1.377,1.377,1.377,1.377,1.377,1.377,1.429,1.377,1.377,1.377,,,,,
Jan-2003,1.662,1.495,,,1.445,1.647,,1.45,,1.449,1.449,1.449,1.449,1.449,1.559,1.449,1.449,1.449,1.449,1.557,1.557,1.557,1.557,1.463,1.463,1.463,1.463,1.463,1.47,1.47,1.47,1.47,1.47,1.47,1.47,1.47,1.47,1.47,1.47,1.47,1.47,1.46,1.47,1.47,1.47,,,,,
Feb-2003,1.853,1.613,,,1.624,1.757,,1.589,,1.591,1.591,1.591,1.591,1.591,1.678,1.591,1.591,1.591,1.591,1.67,1.67,1.67,1.67,1.609,1.609,1.609,1.609,1.609,1.635,1.635,1.635,1.635,1.635,1.635,1.635,1.635,1.635,1.635,1.635,1.635,1.635,1.614,1.635,1.635,1.635,,,,,
Mar-2003,2.15,1.679,,,1.623,1.812,,1.625,,1.63,1.63,1.63,1.63,1.63,1.722,1.63,1.63,1.63,1.63,1.719,1.719,1.719,1.719,1.648,1.648,1.648,1.648,1.648,1.662,1.662,1.662,1.662,1.662,1.662,1.662,1.662,1.662,1.662,1.662,1.662,1.662,1.704,1.662,1.662,1.662,,,,,
Apr-2003,2.092,1.587,,,1.477,1.764,,1.517,,1.523,1.523,1.523,1.523,1.523,1.662,1.523,1.523,1.523,1.523,1.658,1.658,1.658,1.658,1.54,1.54,1.54,1.54,1.54,1.516,1.516,1.516,1.516,1.516,1.516,1.516,1.516,1.516,1.516,1.516,1.516,1.516,1.63,1.516,1.516,1.516,,,,,
May-2003,1.89,1.514,,,1.457,1.679,,1.414,,1.424,1.424,1.424,1.424,1.424,1.579,1.424,1.424,1.424,1.424,1.577,1.577,1.577,1.577,1.442,1.442,1.442,1.442,1.442,1.47,1.47,1.47,1.47,1.47,1.47,1.47,1.47,1.47,1.47,1.47,1.47,1.47,1.553,1.47,1.47,1.47,,,,,
Jun-2003,1.809,1.513,1.512,1.534,1.484,1.61,1.481,1.416,1.607,1.427,1.427,1.427,1.427,1.427,1.548,1.427,1.427,1.427,1.427,1.538,1.538,1.538,1.538,1.456,1.456,1.456,1.456,1.456,1.5,1.5,1.5,1.5,1.5,1.5,1.5,1.5,1.5,1.5,1.5,1.5,1.5,1.544,1.5,1.5,1.5,,,,,
Jul-2003,1.789,1.522,1.561,1.553,1.533,1.633,1.509,1.458,1.639,1.47,1.47,1.47,1.47,1.47,1.567,1.47,1.47,1.47,1.47,1.556,1.556,1.556,1.556,1.511,1.511,1.511,1.511,1.511,1.509,1.509,1.509,1.509,1.509,1.509,1.509,1.509,1.509,1.509,1.509,1.509,1.509,1.582,1.509,1.509,1.509,,,,,
Aug-2003,1.913,1.636,1.654,1.656,1.666,1.729,1.639,1.54,1.798,1.555,1.555,1.555,1.555,1.555,1.662,1.555,1.555,1.555,1.555,1.645,1.645,1.645,1.645,1.601,1.601,1.601,1.601,1.601,1.634,1.634,1.634,1.634,1.634,1.634,1.634,1.634,1.634,1.634,1.634,1.634,1.634,1.685,1.634,1.634,1.634,,,,,
Sep-2003,2.068,1.696,1.679,1.821,1.604,1.894,1.658,1.549,1.894,1.572,1.572,1.572,1.572,1.572,1.814,1.572,1.572,1.572,1.572,1.788,1.788,1.788,1.788,1.625,1.625,1.625,1.625,1.625,1.64,1.64,1.64,1.64,1.64,1.64,1.64,1.64,1.64,1.64,1.64,1.64,1.64,1.748,1.64,1.64,1.64,,,,,
Oct-2003,1.839,1.56,1.575,1.724,1.562,1.806,1.572,1.447,1.677,1.466,1.466,1.466,1.466,1.466,1.72,1.466,1.466,1.466,1.466,1.706,1.706,1.706,1.706,1.521,1.521,1.521,1.521,1.521,1.554,1.554,1.554,1.554,1.554,1.554,1.554,1.554,1.554,1.554,1.554,1.554,1.554,1.627,1.554,1.554,1.554,,,,,
Nov-2003,1.74,1.527,1.536,1.606,1.498,1.737,1.517,1.424,1.625,1.439,1.439,1.439,1.439,1.439,1.627,1.439,1.439,1.439,1.439,1.639,1.639,1.639,1.639,1.487,1.487,1.487,1.487,1.487,1.508,1.508,1.508,1.508,1.508,1.508,1.508,1.508,1.508,1.508,1.508,1.508,1.508,1.595,1.508,1.508,1.508,,,,,
Dec-2003,1.681,1.469,1.535,1.554,1.479,1.698,1.446,1.422,1.572,1.437,1.437,1.437,1.437,1.437,1.586,1.437,1.437,1.437,1.437,1.599,1.599,1.599,1.599,1.482,1.482,1.482,1.482,1.482,1.463,1.463,1.463,1.463,1.463,1.463,1.463,1.463,1.463,1.463,1.463,1.463,1.463,1.543,1.463,1.463,1.463,,,,,
Jan-2004,1.722,1.538,1.66,1.624,1.587,1.754,1.615,1.524,1.64,1.541,1.541,1.541,1.541,1.541,1.653,1.541,1.541,1.541,1.541,1.655,1.655,1.655,1.655,1.603,1.603,1.603,1.603,1.603,1.59,1.59,1.59,1.59,1.59,1.59,1.59,1.59,1.59,1.59,1.59,1.59,1.59,1.575,1.59,1.59,1.59,,,,,
Feb-2004,1.914,1.589,1.712,1.697,1.639,1.83,1.687,1.579,1.729,1.596,1.596,1.596,1.596,1.596,1.716,1.596,1.596,1.596,1.596,1.721,1.721,1.721,1.721,1.66,1.66,1.66,1.66,1.66,1.648,1.648,1.648,1.648,1.648,1.648,1.648,1.648,1.648,1.648,1.648,1.648,1.648,1.626,1.648,1.648,1.648,,,,,
Mar-2004,2.143,1.725,1.797,1.753,1.7,1.903,1.73,1.635,1.851,1.656,1.656,1.656,1.656,1.656,1.772,1.656,1.656,1.656,1.656,1.787,1.787,1.787,1.787,1.728,1.728,1.728,1.728,1.728,1.709,1.709,1.709,1.709,1.709,1.709,1.709,1.709,1.709,1.709,1.709,1.709,1.709,1.763,1.709,1.709,1.709,,,,,
Apr-2004,2.185,1.845,1.856,1.78,1.767,1.926,1.798,1.702,1.961,1.724,1.724,1.724,1.724,1.724,1.794,1.724,1.724,1.724,1.724,1.819,1.819,1.819,1.819,1.788,1.788,1.788,1.788,1.788,1.783,1.783,1.783,1.783,1.783,1.783,1.783,1.783,1.783,1.783,1.783,1.783,1.783,1.874,1.783,1.783,1.783,,,,,
May-2004,2.298,1.988,2.005,2.02,1.973,2.13,1.974,1.879,2.246,1.898,1.898,1.898,1.898,1.898,2.029,1.898,1.898,1.898,1.898,2.038,2.038,2.038,2.038,1.956,1.956,1.956,1.956,1.956,1.984,1.984,1.984,1.984,1.984,1.984,1.984,1.984,1.984,1.984,1.984,1.984,1.984,2.018,1.984,1.984,1.984,,,,,
Jun-2004,2.322,1.98,2.036,2.112,1.834,2.208,1.855,1.889,2.207,1.9,1.9,1.9,1.9,1.9,2.108,1.9,1.9,1.9,1.9,2.092,2.092,2.092,2.092,1.964,1.964,1.964,1.964,1.964,1.901,1.901,1.901,1.901,1.901,1.901,1.901,1.901,1.901,1.901,1.901,1.901,1.901,2.006,1.901,1.901,1.901,,,,,
Jul-2004,2.233,1.937,1.976,1.991,1.836,2.132,1.875,1.829,2.037,1.844,1.844,1.844,1.844,1.844,2.003,1.844,1.844,1.844,1.844,2.018,2.018,2.018,2.018,1.91,1.91,1.91,1.91,1.91,1.881,1.881,1.881,1.881,1.881,1.881,1.881,1.881,1.881,1.881,1.881,1.881,1.881,1.955,1.881,1.881,1.881,,,,,
Aug-2004,2.131,1.911,1.87,1.95,1.816,2.076,1.876,1.812,1.993,1.828,1.828,1.828,1.828,1.828,1.969,1.828,1.828,1.828,1.828,1.978,1.978,1.978,1.978,1.863,1.863,1.863,1.863,1.863,1.873,1.873,1.873,1.873,1.873,1.873,1.873,1.873,1.873,1.873,1.873,1.873,1.873,1.939,1.873,1.873,1.873,,,,,
Sep-2004,2.115,1.893,1.929,1.923,1.824,2.044,1.895,1.797,2.038,1.811,1.811,1.811,1.811,1.811,1.938,1.811,1.811,1.811,1.811,1.949,1.949,1.949,1.949,1.873,1.873,1.873,1.873,1.873,1.867,1.867,1.867,1.867,1.867,1.867,1.867,1.867,1.867,1.867,1.867,1.867,1.867,1.924,1.867,1.867,1.867,2.034,2.034,2.034,2.034,2.034
Oct-2004,2.376,1.992,2.047,2.028,1.935,2.165,1.991,1.91,2.101,1.929,1.929,1.929,1.929,1.929,2.05,1.929,1.929,1.929,1.929,2.063,2.063,2.063,2.063,1.995,1.995,1.995,1.995,1.995,1.979,1.979,1.979,1.979,1.979,1.979,1.979,1.979,1.979,1.979,1.979,1.979,1.979,2.008,1.979,1.979,1.979,2.134,2.134,2.134,2.134,2.134
Nov-2004,2.35,1.97,2.068,2.037,1.913,2.175,1.932,1.892,2.084,1.916,1.916,1.916,1.916,1.916,2.055,1.916,1.916,1.916,1.916,2.064,2.064,2.064,2.064,1.99,1.99,1.99,1.99,1.99,1.938,1.938,1.938,1.938,1.938,1.938,1.938,1.938,1.938,1.938,1.938,1.938,1.938,2.012,1.938,1.938,1.938,2.109,2.109,2.109,2.109,2.109
Dec-2004,2.143,1.863,1.979,1.928,1.741,2.098,1.776,1.762,1.956,1.79,1.79,1.79,1.79,1.79,1.943,1.79,1.79,1.79,1.79,1.969,1.969,1.969,1.969,1.881,1.881,1.881,1.881,1.881,1.778,1.778,1.778,1.778,1.778,1.778,1.778,1.778,1.778,1.778,1.778,1.778,1.778,1.909,1.778,1.778,1.778,1.969,1.969,1.969,1.969,1.969
Jan-2005,2.016,1.809,1.939,1.875,1.822,2.028,1.871,1.773,1.87,1.791,1.791,1.791,1.791,1.791,1.895,1.791,1.791,1.791,1.791,1.932,1.932,1.932,1.932,1.869,1.869,1.869,1.869,1.869,1.841,1.841,1.841,1.841,1.841,1.841,1.841,1.841,1.841,1.841,1.841,1.841,1.841,1.836,1.841,1.841,1.841,1.888,1.888,1.888,1.888,1.888
Feb-2005,2.163,1.899,1.987,1.935,1.896,2.06,1.945,1.841,1.995,1.861,1.861,1.861,1.861,1.861,1.965,1.861,1.861,1.861,1.861,1.973,1.973,1.973,1.973,1.925,1.925,1.925,1.925,1.925,1.918,1.918,1.918,1.918,1.918,1.918,1.918,1.918,1.918,1.918,1.918,1.918,1.918,1.915,1.918,1.918,1.918,2.02,2.02,2.02,2.02,2.02
Mar-2005,2.346,2.124,2.154,2.038,2.068,2.172,2.154,2.008,2.186,2.034,2.034,2.034,2.034,2.034,2.075,2.034,2.034,2.034,2.034,2.088,2.088,2.088,2.088,2.097,2.097,2.097,2.097,2.097,2.109,2.109,2.109,2.109,2.109,2.109,2.109,2.109,2.109,2.109,2.109,2.109,2.109,2.098,2.109,2.109,2.109,2.187,2.187,2.187,2.187,2.187
Apr-2005,2.596,2.273,2.323,2.203,2.091,2.343,2.203,2.169,2.462,2.198,2.198,2.198,2.198,2.198,2.237,2.198,2.198,2.198,2.198,2.252,2.252,2.252,2.252,2.269,2.269,2.269,2.269,2.269,2.219,2.219,2.219,2.219,2.219,2.219,2.219,2.219,2.219,2.219,2.219,2.219,2.219,2.275,2.219,2.219,2.219,2.433,2.433,2.433,2.433,2.433
May-2005,2.52,2.196,2.244,2.207,1.985,2.352,2.075,2.088,2.447,2.104,2.104,2.104,2.104,2.104,2.221,2.104,2.104,2.104,2.104,2.226,2.226,2.226,2.226,2.18,2.18,2.18,2.18,2.18,2.096,2.096,2.096,2.096,2.096,2.096,2.096,2.096,2.096,2.096,2.096,2.096,2.096,2.263,2.096,2.096,2.096,2.41,2.41,2.41,2.41,2.41
Jun-2005,2.41,2.144,2.218,2.211,2.082,2.326,2.137,2.101,2.319,2.108,2.108,2.108,2.108,2.108,2.224,2.108,2.108,2.108,2.108,2.231,2.231,2.231,2.231,2.168,2.168,2.168,2.168,2.168,2.142,2.142,2.142,2.142,2.142,2.142,2.142,2.142,2.142,2.142,2.142,2.142,2.142,2.206,2.142,2.142,2.142,2.314,2.314,2.314,2.314,2.314
Jul-2005,2.559,2.289,2.329,2.399,2.184,2.471,2.266,2.227,2.458,2.237,2.237,2.237,2.237,2.237,2.4,2.237,2.237,2.237,2.237,2.382,2.382,2.382,2.382,2.29,2.29,2.29,2.29,2.29,2.273,2.273,2.273,2.273,2.273,2.273,2.273,2.273,2.273,2.273,2.273,2.273,2.273,2.31,2.273,2.273,2.273,2.435,2.435,2.435,2.435,2.435
Aug-2005,2.721,2.482,2.536,2.559,2.431,2.633,2.482,2.446,2.651,2.448,2.448,2.448,2.448,2.448,2.552,2.448,2.448,2.448,2.448,2.561,2.561,2.561,2.561,2.502,2.502,2.502,2.502,2.502,2.487,2.487,2.487,2.487,2.487,2.487,2.487,2.487,2.487,2.487,2.487,2.487,2.487,2.474,2.487,2.487,2.487,2.614,2.614,2.614,2.614,2.614
Sep-2005,3.032,2.988,2.936,3.093,2.725,3.225,2.872,2.843,2.959,2.818,2.818,2.818,2.818,2.818,3.078,2.818,2.818,2.818,2.818,3.137,3.137,3.137,3.137,2.969,2.969,2.969,2.969,2.969,2.862,2.862,2.862,2.862,2.862,2.862,2.862,2.862,2.862,2.862,2.862,2.862,2.862,2.954,2.862,2.862,2.862,2.989,2.989,2.989,2.989,2.989
Oct-2005,2.926,2.806,2.88,2.726,2.486,2.898,2.63,2.72,2.827,2.752,2.752,2.752,2.752,2.752,2.726,2.752,2.752,2.752,2.752,2.784,2.784,2.784,2.784,2.846,2.846,2.846,2.846,2.846,2.638,2.638,2.638,2.638,2.638,2.638,2.638,2.638,2.638,2.638,2.638,2.638,2.638,2.803,2.638,2.638,2.638,2.841,2.841,2.841,2.841,2.841
Nov-2005,2.57,2.374,2.427,2.231,2.119,2.515,2.124,2.205,2.478,2.253,2.253,2.253,2.253,2.253,2.26,2.253,2.253,2.253,2.253,2.35,2.35,2.35,2.35,2.31,2.31,2.31,2.31,2.31,2.168,2.168,2.168,2.168,2.168,2.168,2.168,2.168,2.168,2.168,2.168,2.168,2.168,2.351,2.168,2.168,2.168,2.488,2.488,2.488,2.488,2.488
Dec-2005,2.319,2.195,2.273,2.189,2.165,2.413,2.249,2.161,2.232,2.177,2.177,2.177,2.177,2.177,2.23,2.177,2.177,2.177,2.177,2.287,2.287,2.287,2.287,2.213,2.213,2.213,2.213,2.213,2.207,2.207,2.207,2.207,2.207,2.207,2.207,2.207,2.207,2.207,2.207,2.207,2.207,2.152,2.207,2.207,2.207,2.265,2.265,2.265,2.265,2.265
Jan-2006,2.424,2.279,2.417,2.382,2.252,2.602,2.348,2.289,2.294,2.3,2.3,2.3,2.3,2.3,2.419,2.3,2.3,2.3,2.3,2.464,2.464,2.464,2.464,2.376,2.376,2.376,2.376,2.376,2.321,2.321,2.321,2.321,2.321,2.321,2.321,2.321,2.321,2.321,2.321,2.321,2.321,2.237,2.321,2.321,2.321,2.328,2.328,2.328,2.328,2.328
Feb-2006,2.54,2.259,2.371,2.305,2.2,2.539,2.234,2.215,2.322,2.242,2.242,2.242,2.242,2.242,2.34,2.242,2.242,2.242,2.242,2.403,2.403,2.403,2.403,2.316,2.316,2.316,2.316,2.316,2.253,2.253,2.253,2.253,2.253,2.253,2.253,2.253,2.253,2.253,2.253,2.253,2.253,2.276,2.253,2.253,2.253,2.368,2.368,2.368,2.368,2.368
Mar-2006,2.624,2.433,2.512,2.366,2.443,2.579,2.497,2.393,2.473,2.411,2.411,2.411,2.411,2.411,2.414,2.411,2.411,2.411,2.411,2.463,2.463,2.463,2.463,2.465,2.465,2.465,2.465,2.465,2.465,2.465,2.465,2.465,2.465,2.465,2.465,2.465,2.465,2.465,2.465,2.465,2.465,2.383,2.465,2.465,2.465,2.459,2.459,2.459,2.459,2.459
Apr-2006,2.925,2.709,2.851,2.728,2.698,2.933,2.757,2.774,2.76,2.775,2.775,2.775,2.775,2.775,2.773,2.775,2.775,2.775,2.775,2.814,2.814,2.814,2.814,2.811,2.811,2.811,2.811,2.811,2.744,2.744,2.744,2.744,2.744,2.744,2.744,2.744,2.744,2.744,2.744,2.744,2.744,2.583,2.744,2.744,2.744,2.753,2.753,2.753,2.753,2.753
May-2006,3.337,2.851,2.925,2.993,2.775,3.143,2.828,2.86,3.147,2.847,2.847,2.847,2.847,2.847,3.002,2.847,2.847,2.847,2.847,3.035,3.035,3.035,3.035,2.894,2.894,2.894,2.894,2.894,2.828,2.828,2.828,2.828,2.828,2.828,2.828,2.828,2.828,2.828,2.828,2.828,2.828,2.867,2.828,2.828,2.828,3.126,3.126,3.126,3.126,3.126
Jun-2006,3.26,2.843,2.877,3.029,2.846,3.086,2.845,2.825,3.124,2.819,2.819,2.819,2.819,2.819,3.019,2.819,2.819,2.819,2.819,2.996,2.996,2.996,2.996,2.856,2.856,2.856,2.856,2.856,2.841,2.841,2.841,2.841,2.841,2.841,2.841,2.841,2.841,2.841,2.841,2.841,2.841,2.882,2.841,2.841,2.841,3.074,3.074,3.074,3.074,3.074
Jul-2006,3.26,2.977,2.986,3.068,2.985,3.173,2.991,2.906,3.077,2.91,2.91,2.91,2.91,2.91,3.081,2.91,2.91,2.91,2.91,3.088,3.088,3.088,3.088,2.976,2.976,2.976,2.976,2.976,2.999,2.999,2.999,2.999,2.999,2.999,2.999,2.999,2.999,2.999,2.999,2.999,2.999,2.942,2.999,2.999,2.999,3.027,3.027,3.027,3.027,3.027
Aug-2006,3.212,3.044,3.002,3.041,2.971,3.181,2.83,2.868,3.094,2.889,2.889,2.889,2.889,2.889,3.074,2.889,2.889,2.889,2.889,3.071,3.071,3.071,3.071,2.964,2.964,2.964,2.964,2.964,2.941,2.941,2.941,2.941,2.941,2.941,2.941,2.941,2.941,2.941,2.941,2.941,2.941,3.046,2.941,2.941,2.941,3.024,3.024,3.024,3.024,3.024
Sep-2006,2.937,2.823,2.694,2.663,2.372,2.857,2.307,2.443,2.905,2.492,2.492,2.492,2.492,2.492,2.698,2.492,2.492,2.492,2.492,2.714,2.714,2.714,2.714,2.572,2.572,2.572,2.572,2.572,2.425,2.425,2.425,2.425,2.425,2.425,2.425,2.425,2.425,2.425,2.425,2.425,2.425,2.874,2.425,2.425,2.425,2.816,2.816,2.816,2.816,2.816
Oct-2006,2.593,2.396,2.306,2.26,2.194,2.49,2.172,2.149,2.599,2.171,2.171,2.171,2.171,2.171,2.314,2.171,2.171,2.171,2.171,2.344,2.344,2.344,2.344,2.231,2.231,2.231,2.231,2.231,2.19,2.19,2.19,2.19,2.19,2.19,2.19,2.19,2.19,2.19,2.19,2.19,2.19,2.477,2.19,2.19,2.19,2.51,2.51,2.51,2.51,2.51
Nov-2006,2.508,2.198,2.289,2.224,2.213,2.422,2.271,2.137,2.544,2.15,2.15,2.15,2.15,2.15,2.267,2.15,2.15,2.15,2.15,2.299,2.299,2.299,2.299,2.231,2.231,2.231,2.231,2.231,2.236,2.236,2.236,2.236,2.236,2.236,2.236,2.236,2.236,2.236,2.236,2.236,2.236,2.295,2.236,2.236,2.236,2.45,2.45,2.45,2.45,2.45
Dec-2006,2.587,2.215,2.373,2.35,2.254,2.544,2.298,2.231,2.649,2.242,2.242,2.242,2.242,2.242,2.396,2.242,2.242,2.242,2.242,2.423,2.423,2.423,2.423,2.331,2.331,2.331,2.331,2.331,2.288,2.288,2.288,2.288,2.288,2.288,2.288,2.288,2.288,2.288,2.288,2.288,2.288,2.289,2.288,2.288,2.288,2.538,2.538,2.538,2.538,2.538
Jan-2007,2.616,2.17,2.328,2.316,2.088,2.523,2.186,2.143,2.64,2.156,2.156,2.156,2.156,2.156,2.358,2.156,2.156,2.156,2.156,2.388,2.388,2.388,2.388,2.253,2.253,2.253,2.253,2.253,2.157,2.157,2.157,2.157,2.157,2.157,2.157,2.157,2.157,2.157,2.157,2.157,2.157,2.236,2.157,2.157,2.157,2.53,2.53,2.53,2.53,2.53
Feb-2007,2.713,2.226,2.307,2.261,2.255,2.466,2.37,2.16,2.5,2.17,2.17,2.17,2.17,2.17,2.307,2.17,2.17,2.17,2.17,2.335,2.335,2.335,2.335,2.255,2.255,2.255,2.255,2.255,2.287,2.287,2.287,2.287,2.287,2.287,2.287,2.287,2.287,2.287,2.287,2.287,2.287,2.217,2.287,2.287,2.287,2.441,2.441,2.441,2.441,2.441
Mar-2007,3.105,2.528,2.614,2.554,2.503,2.788,2.54,2.434,2.77,2.45,2.45,2.45,2.45,2.45,2.617,2.45,2.45,2.45,2.45,2.643,2.643,2.643,2.643,2.546,2.546,2.546,2.546,2.546,2.519,2.519,2.519,2.519,2.519,2.519,2.519,2.519,2.519,2.519,2.519,2.519,2.519,2.492,2.519,2.519,2.519,2.72,2.72,2.72,2.72,2.72
Apr-2007,3.339,2.821,2.895,2.791,2.728,3.029,2.819,2.761,3.124,2.769,2.769,2.769,2.769,2.769,2.852,2.769,2.769,2.769,2.769,2.883,2.883,2.883,2.883,2.845,2.845,2.845,2.845,2.845,2.804,2.804,2.804,2.804,2.804,2.804,2.804,2.804,2.804,2.804,2.804,2.804,2.804,2.832,2.804,2.804,2.804,3.04,3.04,3.04,3.04,3.04
May-2007,3.485,3.284,3.094,3.046,3.186,3.223,3.26,3.016,3.441,3.034,3.034,3.034,3.034,3.034,3.106,3.034,3.034,3.034,3.034,3.105,3.105,3.105,3.105,3.079,3.079,3.079,3.079,3.079,3.252,3.252,3.252,3.252,3.252,3.252,3.252,3.252,3.252,3.252,3.252,3.252,3.252,3.253,3.252,3.252,3.252,3.288,3.288,3.288,3.288,3.288
Jun-2007,3.329,3.238,3.053,3.036,2.968,3.232,3.049,2.973,3.255,2.989,2.989,2.989,2.989,2.989,3.098,2.989,2.989,2.989,2.989,3.102,3.102,3.102,3.102,3.025,3.025,3.025,3.025,3.025,3.094,3.094,3.094,3.094,3.094,3.094,3.094,3.094,3.094,3.094,3.094,3.094,3.094,3.249,3.094,3.094,3.094,3.181,3.181,3.181,3.181,3.181
Jul-2007,3.174,3.117,2.972,2.952,3.036,3.165,2.897,2.897,3.052,2.906,2.906,2.906,2.906,2.906,3.029,2.906,2.906,2.906,2.906,3.018,3.018,3.018,3.018,2.951,2.951,2.951,2.951,2.951,3.028,3.028,3.028,3.028,3.028,3.028,3.028,3.028,3.028,3.028,3.028,3.028,3.028,3.1,3.028,3.028,3.028,3.001,3.001,3.001,3.001,3.001
Aug-2007,2.948,2.905,2.804,2.792,2.883,3.02,2.787,2.739,2.879,2.74,2.74,2.74,2.74,2.74,2.864,2.74,2.74,2.74,2.74,2.859,2.859,2.859,2.859,2.773,2.773,2.773,2.773,2.773,2.857,2.857,2.857,2.857,2.857,2.857,2.857,2.857,2.857,2.857,2.857,2.857,2.857,2.912,2.857,2.857,2.857,2.825,2.825,2.825,2.825,2.825
Sep-2007,2.922,2.912,2.839,2.701,2.962,2.949,2.933,2.72,2.921,2.734,2.734,2.734,2.734,2.734,2.784,2.734,2.734,2.734,2.734,2.807,2.807,2.807,2.807,2.802,2.802,2.802,2.802,2.802,2.948,2.948,2.948,2.948,2.948,2.948,2.948,2.948,2.948,2.948,2.948,2.948,2.948,2.869,2.948,2.948,2.948,2.823,2.823,2.823,2.823,2.823
Oct-2007,3.112,2.836,2.889,2.733,2.8,2.984,2.829,2.726,3.05,2.741,2.741,2.741,2.741,2.741,2.816,2.741,2.741,2.741,2.741,2.849,2.849,2.849,2.849,2.837,2.837,2.837,2.837,2.837,2.818,2.818,2.818,2.818,2.818,2.818,2.818,2.818,2.818,2.818,2.818,2.818,2.818,2.87,2.818,2.818,2.818,2.927,2.927,2.927,2.927,2.927
Nov-2007,3.394,3.069,3.167,3.031,3.042,3.275,3.135,2.986,3.271,3.004,3.004,3.004,3.004,3.004,3.106,3.004,3.004,3.004,3.004,3.135,3.135,3.135,3.135,3.112,3.112,3.112,3.112,3.112,3.105,3.105,3.105,3.105,3.105,3.105,3.105,3.105,3.105,3.105,3.105,3.105,3.105,3.087,3.105,3.105,3.105,3.16,3.16,3.16,3.16,3.16
Dec-2007,3.353,2.925,3.127,3.069,2.907,3.321,3.025,2.925,3.205,2.935,2.935,2.935,2.935,2.935,3.139,2.935,2.935,2.935,2.935,3.151,3.151,3.151,3.151,3.055,3.055,3.055,3.055,3.055,2.99,2.99,2.99,2.99,2.99,2.99,2.99,2.99,2.99,2.99,2.99,2.99,2.99,3.023,2.99,2.99,2.99,3.128,3.128,3.128,3.128,3.128
Jan-2008,3.296,2.899,3.157,3.083,2.951,3.336,3.076,2.969,3.171,2.981,2.981,2.981,2.981,2.981,3.154,2.981,2.981,2.981,2.981,3.184,3.184,3.184,3.184,3.109,3.109,3.109,3.109,3.109,3.031,3.031,3.031,3.031,3.031,3.031,3.031,3.031,3.031,3.031,3.031,3.031,3.031,2.984,3.031,3.031,3.031,3.096,3.096,3.096,3.096,3.096
Feb-2008,3.231,2.979,3.135,3.032,2.983,3.295,3.068,2.967,3.178,2.982,2.982,2.982,2.982,2.982,3.107,2.982,2.982,2.982,2.982,3.135,3.135,3.135,3.135,3.088,3.088,3.088,3.088,3.088,3.04,3.04,3.04,3.04,3.04,3.04,3.04,3.04,3.04,3.04,3.04,3.04,3.04,3.018,3.04,3.04,3.04,3.081,3.081,3.081,3.081,3.081
Mar-2008,3.609,3.16,3.348,3.15,3.102,3.409,3.245,3.195,3.509,3.205,3.205,3.205,3.205,3.205,3.237,3.205,3.205,3.205,3.205,3.284,3.284,3.284,3.284,3.298,3.298,3.298,3.298,3.298,3.225,3.225,3.225,3.225,3.225,3.225,3.225,3.225,3.225,3.225,3.225,3.225,3.225,3.207,3.225,3.225,3.225,3.385,3.385,3.385,3.385,3.385
Apr-2008,3.846,3.402,3.534,3.371,3.363,3.609,3.417,3.415,3.64,3.415,3.415,3.415,3.415,3.415,3.451,3.415,3.415,3.415,3.415,3.49,3.49,3.49,3.49,3.499,3.499,3.499,3.499,3.499,3.456,3.456,3.456,3.456,3.456,3.456,3.456,3.456,3.456,3.456,3.456,3.456,3.456,3.416,3.456,3.456,3.456,3.544,3.544,3.544,3.544,3.544
May-2008,4.015,3.709,3.828,3.778,3.68,3.991,3.829,3.712,3.908,3.713,3.713,3.713,3.713,3.713,3.846,3.713,3.713,3.713,3.713,3.848,3.848,3.848,3.848,3.805,3.805,3.805,3.805,3.805,3.799,3.799,3.799,3.799,3.799,3.799,3.799,3.799,3.799,3.799,3.799,3.799,3.799,3.707,3.799,3.799,3.799,3.788,3.788,3.788,3.788,3.788
Jun-2008,4.531,3.981,4.061,4.07,3.938,4.292,4.03,3.961,4.327,3.962,3.962,3.962,3.962,3.962,4.146,3.962,3.962,3.962,3.962,4.138,4.138,4.138,4.138,4.043,4.043,4.043,4.043,4.043,4.025,4.025,4.025,4.025,4.025,4.025,4.025,4.025,4.025,4.025,4.025,4.025,4.025,4.021,4.025,4.025,4.025,4.22,4.22,4.22,4.22,4.22
Jul-2008,4.511,4.042,4.095,4.083,3.897,4.312,3.967,3.978,4.358,3.987,3.987,3.987,3.987,3.987,4.148,3.987,3.987,3.987,3.987,4.146,4.146,4.146,4.146,4.062,4.062,4.062,4.062,4.062,4.016,4.016,4.016,4.016,4.016,4.016,4.016,4.016,4.016,4.016,4.016,4.016,4.016,4.132,4.016,4.016,4.016,4.244,4.244,4.244,4.244,4.244
Aug-2008,4.128,3.858,3.837,3.768,3.651,4.041,3.716,3.681,4.066,3.697,3.697,3.697,3.697,3.697,3.844,3.697,3.697,3.697,3.697,3.875,3.875,3.875,3.875,3.788,3.788,3.788,3.788,3.788,3.758,3.758,3.758,3.758,3.758,3.758,3.758,3.758,3.758,3.758,3.758,3.758,3.758,3.972,3.758,3.758,3.758,3.968,3.968,3.968,3.968,3.968
Sep-2008,3.842,3.695,3.798,3.584,3.612,3.841,3.763,3.647,3.827,3.687,3.687,3.687,3.687,3.687,3.665,3.687,3.687,3.687,3.687,3.703,3.703,3.703,3.703,3.827,3.827,3.827,3.827,3.827,3.759,3.759,3.759,3.759,3.759,3.759,3.759,3.759,3.759,3.759,3.759,3.759,3.759,3.765,3.759,3.759,3.759,3.739,3.739,3.739,3.739,3.739
Oct-2008,3.44,3.092,3.193,3.004,2.749,3.363,2.865,2.905,3.251,2.961,2.961,2.961,2.961,2.961,3.06,2.961,2.961,2.961,2.961,3.18,3.18,3.18,3.18,3.197,3.197,3.197,3.197,3.197,2.95,2.95,2.95,2.95,2.95,2.95,2.95,2.95,2.95,2.95,2.95,2.95,2.95,3.192,2.95,2.95,2.95,3.271,3.271,3.271,3.271,3.271
Nov-2008,2.507,2.143,2.237,2.196,1.967,2.583,1.935,2.023,2.384,2.078,2.078,2.078,2.078,2.078,2.266,2.078,2.078,2.078,2.078,2.392,2.392,2.392,2.392,2.188,2.188,2.188,2.188,2.188,2.03,2.03,2.03,2.03,2.03,2.03,2.03,2.03,2.03,2.03,2.03,2.03,2.03,2.203,2.03,2.03,2.03,2.452,2.452,2.452,2.452,2.452
Dec-2008,1.871,1.657,1.792,1.742,1.687,2.031,1.677,1.637,1.883,1.652,1.652,1.652,1.652,1.652,1.798,1.652,1.652,1.652,1.652,1.878,1.878,1.878,1.878,1.735,1.735,1.735,1.735,1.735,1.665,1.665,1.665,1.665,1.665,1.665,1.665,1.665,1.665,1.665,1.665,1.665,1.665,1.635,1.665,1.665,1.665,1.882,1.882,1.882,1.882,1.882
Jan-2009,2.051,1.634,1.878,1.765,1.828,1.946,1.912,1.697,1.996,1.718,1.718,1.718,1.718,1.718,1.813,1.718,1.718,1.718,1.718,1.844,1.844,1.844,1.844,1.813,1.813,1.813,1.813,1.813,1.846,1.846,1.846,1.846,1.846,1.846,1.846,1.846,1.846,1.846,1.846,1.846,1.846,1.623,1.846,1.846,1.846,1.961,1.961,1.961,1.961,1.961
Feb-2009,2.265,1.867,2.024,1.915,1.929,2.115,1.882,1.845,2.178,1.872,1.872,1.872,1.872,1.872,1.963,1.872,1.872,1.872,1.872,2.009,2.009,2.009,2.009,1.964,1.964,1.964,1.964,1.964,1.896,1.896,1.896,1.896,1.896,1.896,1.896,1.896,1.896,1.896,1.896,1.896,1.896,1.821,1.896,1.896,1.896,2.156,2.156,2.156,2.156,2.156
Mar-2009,2.239,1.906,2.049,1.944,1.955,2.136,1.972,1.894,2.213,1.916,1.916,1.916,1.916,1.916,1.992,1.916,1.916,1.916,1.916,2.032,2.032,2.032,2.032,1.999,1.999,1.999,1.999,1.999,1.961,1.961,1.961,1.961,1.961,1.961,1.961,1.961,1.961,1.961,1.961,1.961,1.961,1.888,1.961,1.961,1.961,2.158,2.158,2.158,2.158,2.158
Apr-2009,2.377,2.061,2.151,2.036,2.029,2.223,2.021,2.011,2.364,2.014,2.014,2.014,2.014,2.014,2.084,2.014,2.014,2.014,2.014,2.117,2.117,2.117,2.117,2.09,2.09,2.09,2.09,2.09,2.031,2.031,2.031,2.031,2.031,2.031,2.031,2.031,2.031,2.031,2.031,2.031,2.031,2.068,2.031,2.031,2.031,2.206,2.206,2.206,2.206,2.206
May-2009,2.531,2.268,2.316,2.267,2.284,2.446,2.361,2.205,2.539,2.211,2.211,2.211,2.211,2.211,2.314,2.211,2.211,2.211,2.211,2.333,2.333,2.333,2.333,2.28,2.28,2.28,2.28,2.28,2.304,2.304,2.304,2.304,2.304,2.304,2.304,2.304,2.304,2.304,2.304,2.304,2.304,2.265,2.304,2.304,2.304,2.362,2.362,2.362,2.362,2.362
Jun-2009,2.969,2.557,2.671,2.618,2.605,2.807,2.713,2.535,2.858,2.549,2.549,2.549,2.549,2.549,2.665,2.549,2.549,2.549,2.549,2.68,2.68,2.68,2.68,2.625,2.625,2.625,2.625,2.625,2.677,2.677,2.677,2.677,2.677,2.677,2.677,2.677,2.677,2.677,2.677,2.677,2.677,2.589,2.677,2.677,2.677,2.755,2.755,2.755,2.755,2.755
Jul-2009,2.92,2.508,2.603,2.566,2.428,2.806,2.492,2.422,2.808,2.44,2.44,2.44,2.44,2.44,2.62,2.44,2.44,2.44,2.44,2.643,2.643,2.643,2.643,2.54,2.54,2.54,2.54,2.54,2.484,2.484,2.484,2.484,2.484,2.484,2.484,2.484,2.484,2.484,2.484,2.484,2.484,2.593,2.484,2.484,2.484,2.752,2.752,2.752,2.752,2.752
Aug-2009,3.057,2.56,2.638,2.642,2.553,2.852,2.571,2.545,2.908,2.54,2.54,2.54,2.54,2.54,2.699,2.54,2.54,2.54,2.54,2.715,2.715,2.715,2.715,2.604,2.604,2.604,2.604,2.604,2.578,2.578,2.578,2.578,2.578,2.578,2.578,2.578,2.578,2.578,2.578,2.578,2.578,2.633,2.578,2.578,2.578,2.839,2.839,2.839,2.839,2.839
Sep-2009,3.169,2.487,2.537,2.613,2.461,2.843,2.473,2.416,2.989,2.42,2.42,2.42,2.42,2.42,2.671,2.42,2.42,2.42,2.42,2.663,2.663,2.663,2.663,2.505,2.505,2.505,2.505,2.505,2.471,2.471,2.471,2.471,2.471,2.471,2.471,2.471,2.471,2.471,2.471,2.471,2.471,2.625,2.471,2.471,2.471,2.876,2.876,2.876,2.876,2.876
Oct-2009,3.062,2.473,2.578,2.549,2.523,2.794,2.541,2.446,2.841,2.454,2.454,2.454,2.454,2.454,2.604,2.454,2.454,2.454,2.454,2.615,2.615,2.615,2.615,2.528,2.528,2.528,2.528,2.528,2.533,2.533,2.533,2.533,2.533,2.533,2.533,2.533,2.533,2.533,2.533,2.533,2.533,2.569,2.533,2.533,2.533,2.748,2.748,2.748,2.748,2.748
Nov-2009,3.006,2.595,2.747,2.672,2.636,2.907,2.609,2.561,2.885,2.577,2.577,2.577,2.577,2.577,2.733,2.577,2.577,2.577,2.577,2.759,2.759,2.759,2.759,2.681,2.681,2.681,2.681,2.681,2.63,2.63,2.63,2.63,2.63,2.63,2.63,2.63,2.63,2.63,2.63,2.63,2.63,2.641,2.63,2.63,2.63,2.822,2.822,2.822,2.822,2.822
Dec-2009,2.964,2.518,2.704,2.645,2.547,2.889,2.606,2.517,2.839,2.533,2.533,2.533,2.533,2.533,2.701,2.533,2.533,2.533,2.533,2.725,2.725,2.725,2.725,2.647,2.647,2.647,2.647,2.647,2.576,2.576,2.576,2.576,2.576,2.576,2.576,2.576,2.576,2.576,2.576,2.576,2.576,2.573,2.576,2.576,2.576,2.796,2.796,2.796,2.796,2.796
Jan-2010,3.065,2.586,2.812,2.74,2.722,2.954,2.694,2.622,2.908,2.644,2.644,2.644,2.644,2.644,2.797,2.644,2.644,2.644,2.644,2.814,2.814,2.814,2.814,2.76,2.76,2.76,2.76,2.76,2.702,2.702,2.702,2.702,2.702,2.702,2.702,2.702,2.702,2.702,2.702,2.702,2.702,2.629,2.702,2.702,2.702,2.854,2.854,2.854,2.854,2.854
Feb-2010,2.993,2.572,2.748,2.705,2.637,2.928,2.564,2.549,2.867,2.575,2.575,2.575,2.575,2.575,2.765,2.575,2.575,2.575,2.575,2.764,2.764,2.764,2.764,2.69,2.69,2.69,2.69,2.69,2.597,2.597,2.597,2.597,2.597,2.597,2.597,2.597,2.597,2.597,2.597,2.597,2.597,2.665,2.597,2.597,2.597,2.827,2.827,2.827,2.827,2.827
Mar-2010,3.104,2.688,2.868,2.739,2.795,2.947,2.726,2.693,2.993,2.719,2.719,2.719,2.719,2.719,2.812,2.719,2.719,2.719,2.719,2.829,2.829,2.829,2.829,2.817,2.817,2.817,2.817,2.817,2.762,2.762,2.762,2.762,2.762,2.762,2.762,2.762,2.762,2.762,2.762,2.762,2.762,2.771,2.762,2.762,2.762,2.947,2.947,2.947,2.947,2.947
Apr-2010,3.138,2.764,2.91,2.821,2.832,3.016,2.819,2.788,3.085,2.794,2.794,2.794,2.794,2.794,2.891,2.794,2.794,2.794,2.794,2.898,2.898,2.898,2.898,2.87,2.87,2.87,2.87,2.87,2.858,2.858,2.858,2.858,2.858,2.858,2.858,2.858,2.858,2.858,2.858,2.858,2.858,2.917,2.858,2.858,2.858,3.036,3.036,3.036,3.036,3.036
May-2010,3.136,2.754,2.888,2.882,2.787,3.071,2.731,2.796,3.077,2.792,2.792,2.792,2.792,2.792,2.938,2.792,2.792,2.792,2.792,2.93,2.93,2.93,2.93,2.861,2.861,2.861,2.861,2.861,2.812,2.812,2.812,2.812,2.812,2.812,2.812,2.812,2.812,2.812,2.812,2.812,2.812,2.928,2.812,2.812,2.812,3.019,3.019,3.019,3.019,3.019
Jun-2010,3.134,2.7,2.721,2.758,2.709,2.958,2.719,2.657,3.012,2.656,2.656,2.656,2.656,2.656,2.815,2.656,2.656,2.656,2.656,2.803,2.803,2.803,2.803,2.7,2.7,2.7,2.7,2.7,2.724,2.724,2.724,2.724,2.724,2.724,2.724,2.724,2.724,2.724,2.724,2.724,2.724,2.824,2.724,2.724,2.724,2.957,2.957,2.957,2.957,2.957
Jul-2010,3.171,2.698,2.707,2.738,2.721,2.932,2.748,2.628,3.061,2.63,2.63,2.63,2.63,2.63,2.795,2.63,2.63,2.63,2.63,2.782,2.782,2.782,2.782,2.678,2.678,2.678,2.678,2.678,2.734,2.734,2.734,2.734,2.734,2.734,2.734,2.734,2.734,2.734,2.734,2.734,2.734,2.797,2.734,2.734,2.734,2.99,2.99,2.99,2.99,2.99
Aug-2010,3.186,2.73,2.733,2.721,2.717,2.905,2.684,2.636,3.149,2.643,2.643,2.643,2.643,2.643,2.781,2.643,2.643,2.643,2.643,2.768,2.768,2.768,2.768,2.697,2.697,2.697,2.697,2.697,2.714,2.714,2.714,2.714,2.714,2.714,2.714,2.714,2.714,2.714,2.714,2.714,2.714,2.842,2.714,2.714,2.714,3.025,3.025,3.025,3.025,3.025
Sep-2010,3.064,2.783,2.715,2.649,2.786,2.84,2.753,2.594,3.047,2.607,2.607,2.607,2.607,2.607,2.717,2.607,2.607,2.607,2.607,2.706,2.706,2.706,2.706,2.679,2.679,2.679,2.679,2.679,2.753,2.753,2.753,2.753,2.753,2.753,2.753,2.753,2.753,2.753,2.753,2.753,2.753,2.868,2.753,2.753,2.753,2.941,2.941,2.941,2.941,2.941
Oct-2010,3.146,2.754,2.831,2.812,2.88,3.002,2.828,2.699,3.095,2.708,2.708,2.708,2.708,2.708,2.878,2.708,2.708,2.708,2.708,2.868,2.868,2.868,2.868,2.796,2.796,2.796,2.796,2.796,2.82,2.82,2.82,2.82,2.82,2.82,2.82,2.82,2.82,2.82,2.82,2.82,2.82,2.844,2.82,2.82,2.82,2.983,2.983,2.983,2.983,2.983
Nov-2010,3.205,2.736,2.891,2.956,2.842,3.128,2.902,2.726,3.147,2.74,2.74,2.74,2.74,2.74,3.013,2.74,2.74,2.74,2.74,2.987,2.987,2.987,2.987,2.856,2.856,2.856,2.856,2.856,2.864,2.864,2.864,2.864,2.864,2.864,2.864,2.864,2.864,2.864,2.864,2.864,2.864,2.829,2.864,2.864,2.864,3.035,3.035,3.035,3.035,3.035
Dec-2010,3.297,2.779,3.058,3.081,2.998,3.3,3.02,2.885,3.223,2.897,2.897,2.897,2.897,2.897,3.15,2.897,2.897,2.897,2.897,3.142,3.142,3.142,3.142,3.022,3.022,3.022,3.022,3.022,2.997,2.997,2.997,2.997,2.997,2.997,2.997,2.997,2.997,2.997,2.997,2.997,2.997,2.843,2.997,2.997,2.997,3.123,3.123,3.123,3.123,3.123
Jan-2011,3.389,2.957,3.166,3.166,3.141,3.382,3.141,2.995,3.293,3.001,3.001,3.001,3.001,3.001,3.225,3.001,3.001,3.001,3.001,3.219,3.219,3.219,3.219,3.124,3.124,3.124,3.124,3.124,3.118,3.118,3.118,3.118,3.118,3.118,3.118,3.118,3.118,3.118,3.118,3.118,3.118,2.932,3.118,3.118,3.118,3.207,3.207,3.207,3.207,3.207
Feb-2011,3.576,3.105,3.257,3.237,3.258,3.473,3.189,3.105,3.407,3.121,3.121,3.121,3.121,3.121,3.309,3.121,3.121,3.121,3.121,3.298,3.298,3.298,3.298,3.232,3.232,3.232,3.232,3.232,3.216,3.216,3.216,3.216,3.216,3.216,3.216,3.216,3.216,3.216,3.216,3.216,3.216,3.112,3.216,3.216,3.216,3.37,3.37,3.37,3.37,3.37
Mar-2011,4.002,3.413,3.617,3.537,3.557,3.787,3.559,3.486,3.733,3.489,3.489,3.489,3.489,3.489,3.624,3.489,3.489,3.489,3.489,3.619,3.619,3.619,3.619,3.586,3.586,3.586,3.586,3.586,3.556,3.556,3.556,3.556,3.556,3.556,3.556,3.556,3.556,3.556,3.556,3.556,3.556,3.419,3.556,3.556,3.556,3.703,3.703,3.703,3.703,3.703
Apr-2011,4.206,3.611,3.827,3.768,3.813,4.014,3.868,3.746,3.951,3.723,3.723,3.723,3.723,3.723,3.863,3.723,3.723,3.723,3.723,3.849,3.849,3.849,3.849,3.791,3.791,3.791,3.791,3.791,3.845,3.845,3.845,3.845,3.845,3.845,3.845,3.845,3.845,3.845,3.845,3.845,3.845,3.625,3.845,3.845,3.845,3.886,3.886,3.886,3.886,3.886
May-2011,4.229,3.778,3.908,3.982,3.895,4.162,3.956,3.839,4.062,3.815,3.815,3.815,3.815,3.815,4.056,3.815,3.815,3.815,3.815,4.016,4.016,4.016,4.016,3.897,3.897,3.897,3.897,3.897,3.953,3.953,3.953,3.953,3.953,3.953,3.953,3.953,3.953,3.953,3.953,3.953,3.953,3.769,3.953,3.953,3.953,3.964,3.964,3.964,3.964,3.964
Jun-2011,3.965,3.673,3.658,3.804,3.669,3.974,3.618,3.601,3.933,3.583,3.583,3.583,3.583,3.583,3.866,3.583,3.583,3.583,3.583,3.819,3.819,3.819,3.819,3.652,3.652,3.652,3.652,3.652,3.709,3.709,3.709,3.709,3.709,3.709,3.709,3.709,3.709,3.709,3.709,3.709,3.709,3.679,3.709,3.709,3.709,3.818,3.818,3.818,3.818,3.818
Jul-2011,3.844,3.541,3.664,3.788,3.726,3.944,3.645,3.597,3.848,3.58,3.58,3.58,3.58,3.58,3.848,3.58,3.58,3.58,3.58,3.778,3.778,3.778,3.778,3.672,3.672,3.672,3.672,3.672,3.699,3.699,3.699,3.699,3.699,3.699,3.699,3.699,3.699,3.699,3.699,3.699,3.699,3.563,3.699,3.699,3.699,3.697,3.697,3.697,3.697,3.697
Aug-2011,3.823,3.518,3.675,3.771,3.722,3.948,3.633,3.586,3.849,3.577,3.577,3.577,3.577,3.577,3.837,3.577,3.577,3.577,3.577,3.762,3.762,3.762,3.762,3.681,3.681,3.681,3.681,3.681,3.677,3.677,3.677,3.677,3.677,3.677,3.677,3.677,3.677,3.677,3.677,3.677,3.677,3.586,3.677,3.677,3.677,3.687,3.687,3.687,3.687,3.687
Sep-2011,3.971,3.57,3.601,3.687,3.725,3.906,3.561,3.474,3.937,3.483,3.483,3.483,3.483,3.483,3.765,3.483,3.483,3.483,3.483,3.709,3.709,3.709,3.709,3.604,3.604,3.604,3.604,3.604,3.635,3.635,3.635,3.635,3.635,3.635,3.635,3.635,3.635,3.635,3.635,3.635,3.635,3.633,3.635,3.635,3.635,3.779,3.779,3.779,3.779,3.779
Oct-2011,3.89,3.523,3.46,3.525,3.508,3.754,3.327,3.323,3.866,3.325,3.325,3.325,3.325,3.325,3.605,3.325,3.325,3.325,3.325,3.563,3.563,3.563,3.563,3.451,3.451,3.451,3.451,3.451,3.4,3.4,3.4,3.4,3.4,3.4,3.4,3.4,3.4,3.4,3.4,3.4,3.4,3.569,3.4,3.4,3.4,3.714,3.714,3.714,3.714,3.714
Nov-2011,3.848,3.447,3.43,3.465,3.34,3.698,3.276,3.253,3.775,3.245,3.245,3.245,3.245,3.245,3.545,3.245,3.245,3.245,3.245,3.501,3.501,3.501,3.501,3.41,3.41,3.41,3.41,3.41,3.331,3.331,3.331,3.331,3.331,3.331,3.331,3.331,3.331,3.331,3.331,3.331,3.331,3.459,3.331,3.331,3.331,3.637,3.637,3.637,3.637,3.637
Dec-2011,3.648,3.222,3.338,3.352,3.229,3.598,3.276,3.14,3.562,3.131,3.131,3.131,3.131,3.131,3.433,3.131,3.131,3.131,3.131,3.402,3.402,3.402,3.402,3.313,3.313,3.313,3.313,3.313,3.243,3.243,3.243,3.243,3.243,3.243,3.243,3.243,3.243,3.243,3.243,3.243,3.243,3.232,3.243,3.243,3.243,3.468,3.468,3.468,3.468,3.468
Jan-2012,3.747,3.059,3.492,3.462,3.296,3.698,3.428,3.267,3.534,3.268,3.268,3.268,3.268,3.268,3.541,3.268,3.268,3.268,3.268,3.53,3.53,3.53,3.53,3.469,3.469,3.469,3.469,3.469,3.368,3.368,3.368,3.368,3.368,3.368,3.368,3.368,3.368,3.368,3.368,3.368,3.368,3.064,3.368,3.368,3.368,3.495,3.495,3.495,3.495,3.495
Feb-2012,4.027,3.134,3.723,3.651,3.474,3.9,3.521,3.526,3.709,3.516,3.516,3.516,3.516,3.516,3.734,3.516,3.516,3.516,3.516,3.723,3.723,3.723,3.723,3.693,3.693,3.693,3.693,3.693,3.515,3.515,3.515,3.515,3.515,3.515,3.515,3.515,3.515,3.515,3.515,3.515,3.515,3.156,3.515,3.515,3.515,3.687,3.687,3.687,3.687,3.687
Mar-2012,4.414,3.547,3.895,3.802,3.703,4.049,3.868,3.759,4.055,3.738,3.738,3.738,3.738,3.738,3.888,3.738,3.738,3.738,3.738,3.891,3.891,3.891,3.891,3.863,3.863,3.863,3.863,3.863,3.861,3.861,3.861,3.861,3.861,3.861,3.861,3.861,3.861,3.861,3.861,3.861,3.861,3.579,3.861,3.861,3.861,4.02,4.02,4.02,4.02,4.02
Apr-2012,4.292,3.904,3.963,3.925,3.756,4.157,3.808,3.844,4.187,3.833,3.833,3.833,3.833,3.833,4.008,3.833,3.833,3.833,3.833,4.004,4.004,4.004,4.004,3.94,3.94,3.94,3.94,3.94,3.866,3.866,3.866,3.866,3.866,3.866,3.866,3.866,3.866,3.866,3.866,3.866,3.866,3.829,3.866,3.866,3.866,4.1,4.1,4.1,4.1,4.1
May-2012,4.353,3.819,3.651,3.8,3.639,3.995,3.716,3.595,4.261,3.585,3.585,3.585,3.585,3.585,3.874,3.585,3.585,3.585,3.585,3.819,3.819,3.819,3.819,3.655,3.655,3.655,3.655,3.655,3.684,3.684,3.684,3.684,3.684,3.684,3.684,3.684,3.684,3.684,3.684,3.684,3.684,3.802,3.684,3.684,3.684,4.103,4.103,4.103,4.103,4.103
Jun-2012,4.133,3.723,3.409,3.59,3.593,3.762,3.591,3.369,4.115,3.348,3.348,3.348,3.348,3.348,3.659,3.348,3.348,3.348,3.348,3.595,3.595,3.595,3.595,3.406,3.406,3.406,3.406,3.406,3.55,3.55,3.55,3.55,3.55,3.55,3.55,3.55,3.55,3.55,3.55,3.55,3.55,3.738,3.55,3.55,3.55,3.947,3.947,3.947,3.947,3.947
Jul-2012,3.821,3.588,3.388,3.564,3.561,3.741,3.456,3.324,3.691,3.281,3.281,3.281,3.281,3.281,3.622,3.281,3.281,3.281,3.281,3.573,3.573,3.573,3.573,3.388,3.388,3.388,3.388,3.388,3.474,3.474,3.474,3.474,3.474,3.474,3.474,3.474,3.474,3.474,3.474,3.474,3.474,3.566,3.474,3.474,3.474,3.615,3.615,3.615,3.615,3.615
Aug-2012,4.109,3.542,3.705,3.783,3.756,3.962,3.824,3.581,3.946,3.571,3.571,3.571,3.571,3.571,3.843,3.571,3.571,3.571,3.571,3.808,3.808,3.808,3.808,3.712,3.712,3.712,3.712,3.712,3.815,3.815,3.815,3.815,3.815,3.815,3.815,3.815,3.815,3.815,3.815,3.815,3.815,3.565,3.815,3.815,3.815,3.769,3.769,3.769,3.769,3.769
Sep-2012,4.211,3.702,3.842,3.929,3.891,4.131,3.84,3.709,4.094,3.701,3.701,3.701,3.701,3.701,3.996,3.701,3.701,3.701,3.701,3.974,3.974,3.974,3.974,3.859,3.859,3.859,3.859,3.859,3.899,3.899,3.899,3.899,3.899,3.899,3.899,3.899,3.899,3.899,3.899,3.899,3.899,3.77,3.899,3.899,3.899,3.965,3.965,3.965,3.965,3.965
Oct-2012,4.458,3.716,3.712,3.911,3.678,4.106,3.617,3.541,4.053,3.55,3.55,3.55,3.55,3.55,3.958,3.55,3.55,3.55,3.55,3.925,3.925,3.925,3.925,3.711,3.711,3.711,3.711,3.711,3.665,3.665,3.665,3.665,3.665,3.665,3.665,3.665,3.665,3.665,3.665,3.665,3.665,3.77,3.665,3.665,3.665,3.976,3.976,3.976,3.976,3.976
Nov-2012,3.893,3.478,3.441,3.703,3.299,3.958,3.464,3.246,3.623,3.27,3.27,3.27,3.27,3.27,3.747,3.27,3.27,3.27,3.27,3.75,3.75,3.75,3.75,3.423,3.423,3.423,3.423,3.423,3.391,3.391,3.391,3.391,3.391,3.391,3.391,3.391,3.391,3.391,3.391,3.391,3.391,3.59,3.391,3.391,3.391,3.673,3.673,3.673,3.673,3.673
Dec-2012,3.628,3.207,3.385,3.533,3.183,3.837,3.314,3.147,3.454,3.167,3.167,3.167,3.167,3.167,3.606,3.167,3.167,3.167,3.167,3.611,3.611,3.611,3.611,3.359,3.359,3.359,3.359,3.359,3.272,3.272,3.272,3.272,3.272,3.272,3.272,3.272,3.272,3.272,3.272,3.272,3.272,3.262,3.272,3.272,3.272,3.414,3.414,3.414,3.414,3.414
Jan-2013,3.678,2.929,3.493,3.512,3.137,3.797,3.319,3.238,3.422,3.23,3.23,3.23,3.23,3.23,3.594,3.23,3.23,3.23,3.23,3.604,3.604,3.604,3.604,3.453,3.453,3.453,3.453,3.453,3.249,3.249,3.249,3.249,3.249,3.249,3.249,3.249,3.249,3.249,3.249,3.249,3.249,2.963,3.249,3.249,3.249,3.344,3.344,3.344,3.344,3.344
Feb-2013,4.127,3.452,3.789,3.755,3.697,4.019,3.67,3.55,3.656,3.537,3.537,3.537,3.537,3.537,3.828,3.537,3.537,3.537,3.537,3.829,3.829,3.829,3.829,3.736,3.736,3.736,3.736,3.736,3.691,3.691,3.691,3.691,3.691,3.691,3.691,3.691,3.691,3.691,3.691,3.691,3.691,3.374,3.691,3.691,3.691,3.664,3.664,3.664,3.664,3.664
Mar-2013,4.192,3.611,3.811,3.755,3.665,4.014,3.691,3.624,3.835,3.607,3.607,3.607,3.607,3.607,3.832,3.607,3.607,3.607,3.607,3.82,3.82,3.82,3.82,3.778,3.778,3.778,3.778,3.778,3.7,3.7,3.7,3.7,3.7,3.7,3.7,3.7,3.7,3.7,3.7,3.7,3.7,3.52,3.7,3.7,3.7,3.863,3.863,3.863,3.863,3.863
Apr-2013,4.031,3.604,3.599,3.603,3.544,3.865,3.557,3.473,3.746,3.452,3.452,3.452,3.452,3.452,3.68,3.452,3.452,3.452,3.452,3.674,3.674,3.674,3.674,3.588,3.588,3.588,3.588,3.588,3.584,3.584,3.584,3.584,3.584,3.584,3.584,3.584,3.584,3.584,3.584,3.584,3.584,3.552,3.584,3.584,3.584,3.751,3.751,3.751,3.751,3.751
May-2013,4.051,3.767,3.541,3.56,3.986,3.788,3.733,3.452,3.953,3.427,3.427,3.427,3.427,3.427,3.639,3.427,3.427,3.427,3.427,3.618,3.618,3.618,3.618,3.528,3.528,3.528,3.528,3.528,3.772,3.772,3.772,3.772,3.772,3.772,3.772,3.772,3.772,3.772,3.772,3.772,3.772,3.661,3.772,3.772,3.772,3.791,3.791,3.791,3.791,3.791
Jun-2013,4.05,3.762,3.565,3.598,3.726,3.795,3.787,3.461,3.875,3.433,3.433,3.433,3.433,3.433,3.668,3.433,3.433,3.433,3.433,3.633,3.633,3.633,3.633,3.539,3.539,3.539,3.539,3.539,3.789,3.789,3.789,3.789,3.789,3.789,3.789,3.789,3.789,3.789,3.789,3.789,3.789,3.754,3.789,3.789,3.789,3.777,3.777,3.777,3.777,3.777
Jul-2013,4.056,3.595,3.615,3.692,3.562,3.886,3.485,3.518,3.901,3.481,3.481,3.481,3.481,3.481,3.769,3.481,3.481,3.481,3.481,3.718,3.718,3.718,3.718,3.578,3.578,3.578,3.578,3.578,3.582,3.582,3.582,3.582,3.582,3.582,3.582,3.582,3.582,3.582,3.582,3.582,3.582,3.678,3.582,3.582,3.582,3.807,3.807,3.807,3.807,3.807
Aug-2013,3.919,3.569,3.614,3.761,3.577,3.933,3.542,3.509,3.855,3.473,3.473,3.473,3.473,3.473,3.825,3.473,3.473,3.473,3.473,3.744,3.744,3.744,3.744,3.575,3.575,3.575,3.575,3.575,3.571,3.571,3.571,3.571,3.571,3.571,3.571,3.571,3.571,3.571,3.571,3.571,3.571,3.69,3.571,3.571,3.571,3.763,3.763,3.763,3.763,3.763
Sep-2013,3.989,3.582,3.558,3.703,3.54,3.879,3.512,3.383,3.767,3.376,3.376,3.376,3.376,3.376,3.775,3.376,3.376,3.376,3.376,3.691,3.691,3.691,3.691,3.515,3.515,3.515,3.515,3.515,3.548,3.548,3.548,3.548,3.548,3.548,3.548,3.548,3.548,3.548,3.548,3.548,3.548,3.653,3.548,3.548,3.548,3.671,3.671,3.671,3.671,3.671
Oct-2013,3.829,3.41,3.388,3.518,3.318,3.7,3.317,3.18,3.567,3.188,3.188,3.188,3.188,3.188,3.594,3.188,3.188,3.188,3.188,3.497,3.497,3.497,3.497,3.368,3.368,3.368,3.368,3.368,3.324,3.324,3.324,3.324,3.324,3.324,3.324,3.324,3.324,3.324,3.324,3.324,3.324,3.494,3.324,3.324,3.324,3.534,3.534,3.534,3.534,3.534
Nov-2013,3.641,3.231,3.377,3.419,3.143,3.633,3.231,3.104,3.373,3.117,3.117,3.117,3.117,3.117,3.501,3.117,3.117,3.117,3.117,3.45,3.45,3.45,3.45,3.336,3.336,3.336,3.336,3.336,3.203,3.203,3.203,3.203,3.203,3.203,3.203,3.203,3.203,3.203,3.203,3.203,3.203,3.271,3.203,3.203,3.203,3.387,3.387,3.387,3.387,3.387
Dec-2013,3.642,3.122,3.516,3.52,3.113,3.736,3.281,3.171,3.348,3.169,3.169,3.169,3.169,3.169,3.586,3.169,3.169,3.169,3.169,3.562,3.562,3.562,3.562,3.402,3.402,3.402,3.402,3.402,3.208,3.208,3.208,3.208,3.208,3.208,3.208,3.208,3.208,3.208,3.208,3.208,3.208,3.136,3.208,3.208,3.208,3.353,3.353,3.353,3.353,3.353
Jan-2014,3.666,3.238,3.486,3.527,3.272,3.734,3.336,3.187,3.366,3.184,3.184,3.184,3.184,3.184,3.592,3.184,3.184,3.184,3.184,3.584,3.584,3.584,3.584,3.422,3.422,3.422,3.422,3.422,3.279,3.279,3.279,3.279,3.279,3.279,3.279,3.279,3.279,3.279,3.279,3.279,3.279,3.192,3.279,3.279,3.279,3.385,3.385,3.385,3.385,3.385
Feb-2014,3.726,3.346,3.467,3.488,3.343,3.722,3.493,3.213,3.379,3.217,3.217,3.217,3.217,3.217,3.567,3.217,3.217,3.217,3.217,3.578,3.578,3.578,3.578,3.419,3.419,3.419,3.419,3.419,3.384,3.384,3.384,3.384,3.384,3.384,3.384,3.384,3.384,3.384,3.384,3.384,3.384,3.261,3.384,3.384,3.384,3.408,3.408,3.408,3.408,3.408
Mar-2014,3.984,3.635,3.621,3.586,3.558,3.822,3.629,3.373,3.619,3.36,3.36,3.36,3.36,3.36,3.668,3.36,3.36,3.36,3.36,3.678,3.678,3.678,3.678,3.548,3.548,3.548,3.548,3.548,3.602,3.602,3.602,3.602,3.602,3.602,3.602,3.602,3.602,3.602,3.602,3.602,3.602,3.493,3.602,3.602,3.602,3.592,3.592,3.592,3.592,3.592
Apr-2014,4.21,3.587,3.795,3.662,3.569,3.882,3.737,3.541,3.829,3.538,3.538,3.538,3.538,3.538,3.74,3.538,3.538,3.538,3.538,3.747,3.747,3.747,3.747,3.729,3.729,3.729,3.729,3.729,3.683,3.683,3.683,3.683,3.683,3.683,3.683,3.683,3.683,3.683,3.683,3.683,3.683,3.507,3.683,3.683,3.683,3.748,3.748,3.748,3.748,3.748
May-2014,4.22,3.522,3.74,3.737,3.548,3.952,3.763,3.522,3.911,3.522,3.522,3.522,3.522,3.522,3.806,3.522,3.522,3.522,3.522,3.816,3.816,3.816,3.816,3.735,3.735,3.735,3.735,3.735,3.67,3.67,3.67,3.67,3.67,3.67,3.67,3.67,3.67,3.67,3.67,3.67,3.67,3.565,3.67,3.67,3.67,3.823,3.823,3.823,3.823,3.823
Jun-2014,4.163,3.571,3.67,3.745,3.599,3.949,3.843,3.55,3.994,3.53,3.53,3.53,3.53,3.53,3.813,3.53,3.53,3.53,3.53,3.815,3.815,3.815,3.815,3.692,3.692,3.692,3.692,3.692,3.752,3.752,3.752,3.752,3.752,3.752,3.752,3.752,3.752,3.752,3.752,3.752,3.752,3.615,3.752,3.752,3.752,3.882,3.882,3.882,3.882,3.882
Jul-2014,4.11,3.658,3.603,3.746,3.506,3.936,3.512,3.513,3.99,3.489,3.489,3.489,3.489,3.489,3.81,3.489,3.489,3.489,3.489,3.778,3.778,3.778,3.778,3.626,3.626,3.626,3.626,3.626,3.57,3.57,3.57,3.57,3.57,3.57,3.57,3.57,3.57,3.57,3.57,3.57,3.57,3.702,3.57,3.57,3.57,3.891,3.891,3.891,3.891,3.891
Aug-2014,3.961,3.691,3.435,3.606,3.397,3.799,3.499,3.366,3.91,3.35,3.35,3.35,3.35,3.35,3.676,3.35,3.35,3.35,3.35,3.614,3.614,3.614,3.614,3.482,3.482,3.482,3.482,3.482,3.472,3.472,3.472,3.472,3.472,3.472,3.472,3.472,3.472,3.472,3.472,3.472,3.472,3.709,3.472,3.472,3.472,3.816,3.816,3.816,3.816,3.816
Sep-2014,3.821,3.625,3.396,3.534,3.325,3.685,3.396,3.281,3.82,3.26,3.26,3.26,3.26,3.26,3.595,3.26,3.26,3.26,3.26,3.524,3.524,3.524,3.524,3.417,3.417,3.417,3.417,3.417,3.42,3.42,3.42,3.42,3.42,3.42,3.42,3.42,3.42,3.42,3.42,3.42,3.42,3.636,3.42,3.42,3.42,3.703,3.703,3.703,3.703,3.703
Oct-2014,3.585,3.29,3.261,3.345,3.111,3.547,3.085,3.056,3.466,3.051,3.051,3.051,3.051,3.051,3.394,3.051,3.051,3.051,3.051,3.352,3.352,3.352,3.352,3.224,3.224,3.224,3.224,3.224,3.141,3.141,3.141,3.141,3.141,3.141,3.141,3.141,3.141,3.141,3.141,3.141,3.141,3.367,3.141,3.141,3.141,3.421,3.421,3.421,3.421,3.421
Nov-2014,3.234,3.021,2.974,3.062,2.922,3.342,2.888,2.781,3.149,2.778,2.778,2.778,2.778,2.778,3.133,2.778,2.778,2.778,2.778,3.124,3.124,3.124,3.124,2.95,2.95,2.95,2.95,2.95,2.932,2.932,2.932,2.932,2.932,2.932,2.932,2.932,2.932,2.932,2.932,2.932,2.932,3.103,2.932,2.932,2.932,3.123,3.123,3.123,3.123,3.123
Dec-2014,2.916,2.548,2.681,2.787,2.468,3.065,2.425,2.392,2.859,2.399,2.399,2.399,2.399,2.399,2.843,2.399,2.399,2.399,2.399,2.855,2.855,2.855,2.855,2.641,2.641,2.641,2.641,2.641,2.469,2.469,2.469,2.469,2.469,2.469,2.469,2.469,2.469,2.469,2.469,2.469,2.469,2.625,2.469,2.469,2.469,2.798,2.798,2.798,2.798,2.798
Jan-2015,2.596,1.994,2.269,2.347,2.02,2.629,1.998,1.976,2.351,1.989,1.989,1.989,1.989,1.989,2.395,1.989,1.989,1.989,1.989,2.438,2.438,2.438,2.438,2.241,2.241,2.241,2.241,2.241,2.01,2.01,2.01,2.01,2.01,2.01,2.01,2.01,2.01,2.01,2.01,2.01,2.01,2.035,2.01,2.01,2.01,2.329,2.329,2.329,2.329,2.329
Feb-2015,2.756,2.092,2.307,2.255,2.216,2.519,2.302,2.089,2.287,2.094,2.094,2.094,2.094,2.094,2.314,2.094,2.094,2.094,2.094,2.393,2.393,2.393,2.393,2.27,2.27,2.27,2.27,2.27,2.241,2.241,2.241,2.241,2.241,2.241,2.241,2.241,2.241,2.241,2.241,2.241,2.241,2.023,2.241,2.241,2.241,2.325,2.325,2.325,2.325,2.325
Mar-2015,3.388,2.277,2.544,2.44,2.438,2.666,2.409,2.303,2.786,2.294,2.294,2.294,2.294,2.294,2.495,2.294,2.294,2.294,2.294,2.567,2.567,2.567,2.567,2.448,2.448,2.448,2.448,2.448,2.415,2.415,2.415,2.415,2.415,2.415,2.415,2.415,2.415,2.415,2.415,2.415,2.415,2.318,2.415,2.415,2.415,2.73,2.73,2.73,2.73,2.73
Apr-2015,3.261,2.366,2.582,2.468,2.364,2.701,2.448,2.326,2.784,2.316,2.316,2.316,2.316,2.316,2.522,2.316,2.316,2.316,2.316,2.597,2.597,2.597,2.597,2.48,2.48,2.48,2.48,2.48,2.428,2.428,2.428,2.428,2.428,2.428,2.428,2.428,2.428,2.428,2.428,2.428,2.428,2.465,2.428,2.428,2.428,2.71,2.71,2.71,2.71,2.71
May-2015,3.804,2.608,2.693,2.704,2.594,2.897,2.636,2.529,3.028,2.529,2.529,2.529,2.529,2.529,2.753,2.529,2.529,2.529,2.529,2.81,2.81,2.81,2.81,2.66,2.66,2.66,2.66,2.66,2.631,2.631,2.631,2.631,2.631,2.631,2.631,2.631,2.631,2.631,2.631,2.631,2.631,2.73,2.631,2.631,2.631,3.024,3.024,3.024,3.024,3.024
Jun-2015,3.596,2.7,2.768,2.804,2.709,2.984,2.85,2.641,3.152,2.632,2.632,2.632,2.632,2.632,2.849,2.632,2.632,2.632,2.632,2.882,2.882,2.882,2.882,2.765,2.765,2.765,2.765,2.765,2.797,2.797,2.797,2.797,2.797,2.797,2.797,2.797,2.797,2.797,2.797,2.797,2.797,2.847,2.797,2.797,2.797,3.093,3.093,3.093,3.093,3.093
Jul-2015,3.812,2.799,2.697,2.805,2.749,2.991,2.703,2.604,3.221,2.584,2.584,2.584,2.584,2.584,2.835,2.584,2.584,2.584,2.584,2.867,2.867,2.867,2.867,2.722,2.722,2.722,2.722,2.722,2.746,2.746,2.746,2.746,2.746,2.746,2.746,2.746,2.746,2.746,2.746,2.746,2.746,2.902,2.746,2.746,2.746,3.141,3.141,3.141,3.141,3.141
Aug-2015,3.594,2.883,2.473,2.614,2.632,2.806,2.592,2.424,3.102,2.403,2.403,2.403,2.403,2.403,2.643,2.403,2.403,2.403,2.403,2.682,2.682,2.682,2.682,2.525,2.525,2.525,2.525,2.525,2.657,2.657,2.657,2.657,2.657,2.657,2.657,2.657,2.657,2.657,2.657,2.657,2.657,2.881,2.657,2.657,2.657,3.028,3.028,3.028,3.028,3.028
Sep-2015,3.175,2.658,2.259,2.388,2.359,2.567,2.348,2.158,2.764,2.162,2.162,2.162,2.162,2.162,2.427,2.162,2.162,2.162,2.162,2.457,2.457,2.457,2.457,2.292,2.292,2.292,2.292,2.292,2.385,2.385,2.385,2.385,2.385,2.385,2.385,2.385,2.385,2.385,2.385,2.385,2.385,2.72,2.385,2.385,2.385,2.738,2.738,2.738,2.738,2.738
Oct-2015,2.945,2.38,2.255,2.262,2.456,2.442,2.421,2.101,2.504,2.107,2.107,2.107,2.107,2.107,2.312,2.107,2.107,2.107,2.107,2.357,2.357,2.357,2.357,2.256,2.256,2.256,2.256,2.256,2.403,2.403,2.403,2.403,2.403,2.403,2.403,2.403,2.403,2.403,2.403,2.403,2.403,2.474,2.403,2.403,2.403,2.508,2.508,2.508,2.508,2.508
Nov-2015,2.819,2.103,2.215,2.224,2.197,2.409,2.123,1.993,2.494,2,2,2,2,2,2.274,2,2,2,2,2.332,2.332,2.332,2.332,2.204,2.204,2.204,2.204,2.204,2.158,2.158,2.158,2.158,2.158,2.158,2.158,2.158,2.158,2.158,2.158,2.158,2.158,2.221,2.158,2.158,2.158,2.424,2.424,2.424,2.424,2.424
Dec-2015,2.776,1.963,2.131,2.168,1.95,2.348,1.984,1.89,2.451,1.891,1.891,1.891,1.891,1.891,2.208,1.891,1.891,1.891,1.891,2.265,2.265,2.265,2.265,2.108,2.108,2.108,2.108,2.108,1.962,1.962,1.962,1.962,1.962,1.962,1.962,1.962,1.962,1.962,1.962,1.962,1.962,2.074,1.962,1.962,1.962,2.351,2.351,2.351,2.351,2.351
Jan-2016,2.823,1.898,2.028,2.063,1.818,2.233,1.826,1.793,2.39,1.799,1.799,1.799,1.799,1.799,2.097,1.799,1.799,1.799,1.799,2.15,2.15,2.15,2.15,2.012,2.012,2.012,2.012,2.012,1.84,1.84,1.84,1.84,1.84,1.84,1.84,1.84,1.84,1.84,1.84,1.84,1.84,2.001,1.84,1.84,1.84,2.291,2.291,2.291,2.291,2.291
Feb-2016,2.477,1.71,1.874,1.925,1.666,2.07,1.719,1.648,2.111,1.658,1.658,1.658,1.658,1.658,1.942,1.658,1.658,1.658,1.658,1.981,1.981,1.981,1.981,1.855,1.855,1.855,1.855,1.855,1.682,1.682,1.682,1.682,1.682,1.682,1.682,1.682,1.682,1.682,1.682,1.682,1.682,1.806,1.682,1.682,1.682,2.023,2.023,2.023,2.023,2.023
Mar-2016,2.679,1.993,2.08,1.994,2.007,2.121,1.998,1.855,2.235,1.859,1.859,1.859,1.859,1.859,2.018,1.859,1.859,1.859,1.859,2.07,2.07,2.07,2.07,2.028,2.028,2.028,2.028,2.028,1.992,1.992,1.992,1.992,1.992,1.992,1.992,1.992,1.992,1.992,1.992,1.992,1.992,1.955,1.992,1.992,1.992,2.141,2.141,2.141,2.141,2.141
Apr-2016,2.822,2.098,2.16,2.175,2.02,2.307,2.163,1.986,2.349,1.986,1.986,1.986,1.986,1.986,2.217,1.986,1.986,1.986,1.986,2.264,2.264,2.264,2.264,2.158,2.158,2.158,2.158,2.158,2.11,2.11,2.11,2.11,2.11,2.11,2.11,2.11,2.11,2.11,2.11,2.11,2.11,2.126,2.11,2.11,2.11,2.331,2.331,2.331,2.331,2.331
May-2016,2.855,2.264,2.314,2.35,2.23,2.461,2.404,2.122,2.567,2.131,2.131,2.131,2.131,2.131,2.384,2.131,2.131,2.131,2.131,2.429,2.429,2.429,2.429,2.322,2.322,2.322,2.322,2.322,2.305,2.305,2.305,2.305,2.305,2.305,2.305,2.305,2.305,2.305,2.305,2.305,2.305,2.336,2.305,2.305,2.305,2.455,2.455,2.455,2.455,2.455
Jun-2016,2.93,2.353,2.418,2.415,2.315,2.504,2.633,2.229,2.68,2.225,2.225,2.225,2.225,2.225,2.444,2.225,2.225,2.225,2.225,2.469,2.469,2.469,2.469,2.383,2.383,2.383,2.383,2.383,2.471,2.471,2.471,2.471,2.471,2.471,2.471,2.471,2.471,2.471,2.471,2.471,2.471,2.407,2.471,2.471,2.471,2.535,2.535,2.535,2.535,2.535
Jul-2016,2.911,2.297,2.275,2.342,2.18,2.462,2.219,2.144,2.7,2.134,2.134,2.134,2.134,2.134,2.368,2.134,2.134,2.134,2.134,2.386,2.386,2.386,2.386,2.25,2.25,2.25,2.25,2.25,2.237,2.237,2.237,2.237,2.237,2.237,2.237,2.237,2.237,2.237,2.237,2.237,2.237,2.368,2.237,2.237,2.237,2.553,2.553,2.553,2.553,2.553
Aug-2016,2.745,2.213,2.215,2.228,2.205,2.391,2.236,2.073,2.615,2.068,2.068,2.068,2.068,2.068,2.262,2.068,2.068,2.068,2.068,2.312,2.312,2.312,2.312,2.204,2.204,2.204,2.204,2.204,2.23,2.23,2.23,2.23,2.23,2.23,2.23,2.23,2.23,2.23,2.23,2.23,2.23,2.323,2.23,2.23,2.23,2.446,2.446,2.446,2.446,2.446
Sep-2016,2.803,2.272,2.299,2.256,2.232,2.387,2.221,2.07,2.707,2.088,2.088,2.088,2.088,2.088,2.298,2.088,2.088,2.088,2.088,2.357,2.357,2.357,2.357,2.301,2.301,2.301,2.301,2.301,2.243,2.243,2.243,2.243,2.243,2.243,2.243,2.243,2.243,2.243,2.243,2.243,2.243,2.35,2.243,2.243,2.243,2.503,2.503,2.503,2.503,2.503
Oct-2016,2.862,2.264,2.335,2.309,2.203,2.438,2.256,2.125,2.747,2.149,2.149,2.149,2.149,2.149,2.346,2.149,2.149,2.149,2.149,2.398,2.398,2.398,2.398,2.349,2.349,2.349,2.349,2.349,2.238,2.238,2.238,2.238,2.238,2.238,2.238,2.238,2.238,2.238,2.238,2.238,2.238,2.354,2.238,2.238,2.238,2.534,2.534,2.534,2.534,2.534
Nov-2016,2.788,2.163,2.244,2.284,2.055,2.467,2.183,2.051,2.689,2.067,2.067,2.067,2.067,2.067,2.327,2.067,2.067,2.067,2.067,2.447,2.447,2.447,2.447,2.272,2.272,2.272,2.272,2.272,2.125,2.125,2.125,2.125,2.125,2.125,2.125,2.125,2.125,2.125,2.125,2.125,2.125,2.299,2.125,2.125,2.125,2.508,2.508,2.508,2.508,2.508
Dec-2016,2.738,2.178,2.388,2.33,2.168,2.511,2.392,2.122,2.601,2.141,2.141,2.141,2.141,2.141,2.376,2.141,2.141,2.141,2.141,2.512,2.512,2.512,2.512,2.357,2.357,2.357,2.357,2.357,2.278,2.278,2.278,2.278,2.278,2.278,2.278,2.278,2.278,2.278,2.278,2.278,2.278,2.226,2.278,2.278,2.278,2.45,2.45,2.45,2.45,2.45
Jan-2017,2.848,2.334,2.487,2.401,2.363,2.609,2.314,2.234,2.743,2.244,2.244,2.244,2.244,2.244,2.455,2.244,2.244,2.244,2.244,2.626,2.626,2.626,2.626,2.433,2.433,2.433,2.433,2.433,2.36,2.36,2.36,2.36,2.36,2.36,2.36,2.36,2.36,2.36,2.36,2.36,2.36,2.341,2.36,2.36,2.36,2.542,2.542,2.542,2.542,2.542
Feb-2017,2.946,2.269,2.379,2.35,2.319,2.544,2.201,2.171,2.761,2.184,2.184,2.184,2.184,2.184,2.395,2.184,2.184,2.184,2.184,2.558,2.558,2.558,2.558,2.363,2.363,2.363,2.363,2.363,2.288,2.288,2.288,2.288,2.288,2.288,2.288,2.288,2.288,2.288,2.288,2.288,2.288,2.338,2.288,2.288,2.288,2.568,2.568,2.568,2.568,2.568
Mar-2017,3.059,2.276,2.386,2.334,2.313,2.503,2.277,2.187,2.86,2.195,2.195,2.195,2.195,2.195,2.369,2.195,2.195,2.195,2.195,2.524,2.524,2.524,2.524,2.361,2.361,2.361,2.361,2.361,2.313,2.313,2.313,2.313,2.313,2.313,2.313,2.313,2.313,2.313,2.313,2.313,2.313,2.393,2.313,2.313,2.313,2.646,2.646,2.646,2.646,2.646
Apr-2017,3.067,2.381,2.539,2.414,2.361,2.583,2.456,2.313,2.938,2.307,2.307,2.307,2.307,2.307,2.45,2.307,2.307,2.307,2.307,2.611,2.611,2.611,2.611,2.465,2.465,2.465,2.465,2.465,2.427,2.427,2.427,2.427,2.427,2.427,2.427,2.427,2.427,2.427,2.427,2.427,2.427,2.445,2.427,2.427,2.427,2.713,2.713,2.713,2.713,2.713
May-2017,3.101,2.419,2.458,2.477,2.354,2.589,2.382,2.281,2.934,2.272,2.272,2.272,2.272,2.272,2.491,2.272,2.272,2.272,2.272,2.6,2.6,2.6,2.6,2.407,2.407,2.407,2.407,2.407,2.374,2.374,2.374,2.374,2.374,2.374,2.374,2.374,2.374,2.374,2.374,2.374,2.374,2.486,2.374,2.374,2.374,2.727,2.727,2.727,2.727,2.727
Jun-2017,3.08,2.394,2.413,2.433,2.321,2.554,2.33,2.244,2.878,2.229,2.229,2.229,2.229,2.229,2.45,2.229,2.229,2.229,2.229,2.554,2.554,2.554,2.554,2.345,2.345,2.345,2.345,2.345,2.325,2.325,2.325,2.325,2.325,2.325,2.325,2.325,2.325,2.325,2.325,2.325,2.325,2.507,2.325,2.325,2.325,2.705,2.705,2.705,2.705,2.705
Jul-2017,3.005,2.321,2.303,2.388,2.29,2.502,2.313,2.168,2.841,2.162,2.162,2.162,2.162,2.162,2.416,2.162,2.162,2.162,2.162,2.514,2.514,2.514,2.514,2.292,2.292,2.292,2.292,2.292,2.305,2.305,2.305,2.305,2.305,2.305,2.305,2.305,2.305,2.305,2.305,2.305,2.305,2.435,2.305,2.305,2.305,2.657,2.657,2.657,2.657,2.657
Aug-2017,3.073,2.41,2.402,2.454,2.359,2.561,2.36,2.263,2.922,2.263,2.263,2.263,2.263,2.263,2.481,2.263,2.263,2.263,2.263,2.587,2.587,2.587,2.587,2.385,2.385,2.385,2.385,2.385,2.382,2.382,2.382,2.382,2.382,2.382,2.382,2.382,2.382,2.382,2.382,2.382,2.382,2.527,2.382,2.382,2.382,2.698,2.698,2.698,2.698,2.698
Sep-2017,3.22,2.624,2.821,2.833,2.521,2.875,2.496,2.609,3.095,2.59,2.59,2.59,2.59,2.59,2.836,2.59,2.59,2.59,2.59,2.902,2.902,2.902,2.902,2.791,2.791,2.791,2.791,2.791,2.572,2.572,2.572,2.572,2.572,2.572,2.572,2.572,2.572,2.572,2.572,2.572,2.572,2.691,2.572,2.572,2.572,2.842,2.842,2.842,2.842,2.842
Oct-2017,3.137,2.551,2.571,2.722,2.449,2.717,2.459,2.399,2.981,2.4,2.4,2.4,2.4,2.4,2.702,2.4,2.4,2.4,2.4,2.719,2.719,2.719,2.719,2.57,2.57,2.57,2.57,2.57,2.485,2.485,2.485,2.485,2.485,2.485,2.485,2.485,2.485,2.485,2.485,2.485,2.485,2.627,2.485,2.485,2.485,2.775,2.775,2.775,2.775,2.775
Nov-2017,3.294,2.635,2.587,2.696,2.555,2.729,2.628,2.375,3.028,2.395,2.395,2.395,2.395,2.395,2.695,2.395,2.395,2.395,2.395,2.772,2.772,2.772,2.772,2.568,2.568,2.568,2.568,2.568,2.596,2.596,2.596,2.596,2.596,2.596,2.596,2.596,2.596,2.596,2.596,2.596,2.596,2.63,2.596,2.596,2.596,2.815,2.815,2.815,2.815,2.815
Dec-2017,3.187,2.561,2.5,2.651,2.46,2.68,2.413,2.302,2.986,2.323,2.323,2.323,2.323,2.323,2.654,2.323,2.323,2.323,2.323,2.721,2.721,2.721,2.721,2.503,2.503,2.503,2.503,2.503,2.464,2.464,2.464,2.464,2.464,2.464,2.464,2.464,2.464,2.464,2.464,2.464,2.464,2.586,2.464,2.464,2.464,2.784,2.784,2.784,2.784,2.784
Jan-2018,3.269,2.52,2.62,2.662,2.533,2.745,2.538,2.391,2.966,2.404,2.404,2.404,2.404,2.404,2.677,2.404,2.404,2.404,2.404,2.799,2.799,2.799,2.799,2.591,2.591,2.591,2.591,2.591,2.572,2.572,2.572,2.572,2.572,2.572,2.572,2.572,2.572,2.572,2.572,2.572,2.572,2.551,2.572,2.572,2.572,2.77,2.77,2.77,2.77,2.77
Feb-2018,3.418,2.547,2.704,2.707,2.603,2.797,2.447,2.402,3.027,2.429,2.429,2.429,2.429,2.429,2.727,2.429,2.429,2.429,2.429,2.843,2.843,2.843,2.843,2.638,2.638,2.638,2.638,2.638,2.546,2.546,2.546,2.546,2.546,2.546,2.546,2.546,2.546,2.546,2.546,2.546,2.546,2.581,2.546,2.546,2.546,2.83,2.83,2.83,2.83,2.83
Mar-2018,3.476,2.501,2.649,2.664,2.549,2.753,2.531,2.43,3.101,2.433,2.433,2.433,2.433,2.433,2.684,2.433,2.433,2.433,2.433,2.789,2.789,2.789,2.789,2.624,2.624,2.624,2.624,2.624,2.567,2.567,2.567,2.567,2.567,2.567,2.567,2.567,2.567,2.567,2.567,2.567,2.567,2.552,2.567,2.567,2.567,2.899,2.899,2.899,2.899,2.899
Apr-2018,3.617,2.674,2.793,2.786,2.587,2.918,2.731,2.598,3.261,2.617,2.617,2.617,2.617,2.617,2.817,2.617,2.617,2.617,2.617,2.947,2.947,2.947,2.947,2.785,2.785,2.785,2.785,2.785,2.719,2.719,2.719,2.719,2.719,2.719,2.719,2.719,2.719,2.719,2.719,2.719,2.719,2.812,2.719,2.719,2.719,3.114,3.114,3.114,3.114,3.114
May-2018,3.69,2.866,2.871,2.954,2.785,3.05,2.848,2.742,3.389,2.726,2.726,2.726,2.726,2.726,2.981,2.726,2.726,2.726,2.726,3.05,3.05,3.05,3.05,2.839,2.839,2.839,2.839,2.839,2.868,2.868,2.868,2.868,2.868,2.868,2.868,2.868,2.868,2.868,2.868,2.868,2.868,3.015,2.868,2.868,2.868,3.262,3.262,3.262,3.262,3.262
Jun-2018,3.673,2.931,2.8,2.976,2.815,3.054,2.727,2.77,3.42,2.737,2.737,2.737,2.737,2.737,2.983,2.737,2.737,2.737,2.737,3.019,3.019,3.019,3.019,2.78,2.78,2.78,2.78,2.78,2.848,2.848,2.848,2.848,2.848,2.848,2.848,2.848,2.848,2.848,2.848,2.848,2.848,3.07,2.848,2.848,2.848,3.299,3.299,3.299,3.299,3.299
Jul-2018,3.605,2.872,2.783,2.952,2.786,2.993,2.795,2.682,3.381,2.663,2.663,2.663,2.663,2.663,2.949,2.663,2.663,2.663,2.663,2.983,2.983,2.983,2.983,2.744,2.744,2.744,2.744,2.744,2.824,2.824,2.824,2.824,2.824,2.824,2.824,2.824,2.824,2.824,2.824,2.824,2.824,3.039,2.824,2.824,2.824,3.245,3.245,3.245,3.245,3.245
Aug-2018,3.556,2.856,2.79,2.941,2.785,2.978,2.788,2.643,3.343,2.643,2.643,2.643,2.643,2.643,2.939,2.643,2.643,2.643,2.643,2.981,2.981,2.981,2.981,2.754,2.754,2.754,2.754,2.754,2.808,2.808,2.808,2.808,2.808,2.808,2.808,2.808,2.808,2.808,2.808,2.808,2.808,3.046,2.808,2.808,2.808,3.191,3.191,3.191,3.191,3.191
Sep-2018,3.588,2.957,2.791,2.923,2.772,2.976,2.79,2.628,3.353,2.627,2.627,2.627,2.627,2.627,2.93,2.627,2.627,2.627,2.627,2.982,2.982,2.982,2.982,2.744,2.744,2.744,2.744,2.744,2.809,2.809,2.809,2.809,2.809,2.809,2.809,2.809,2.809,2.809,2.809,2.809,2.809,3.099,2.809,2.809,2.809,3.193,3.193,3.193,3.193,3.193
Oct-2018,3.76,3.007,2.819,2.907,2.818,2.977,2.716,2.643,3.453,2.657,2.657,2.657,2.657,2.657,2.915,2.657,2.657,2.657,2.657,2.966,2.966,2.966,2.966,2.776,2.776,2.776,2.776,2.776,2.801,2.801,2.801,2.801,2.801,2.801,2.801,2.801,2.801,2.801,2.801,2.801,2.801,3.07,2.801,2.801,2.801,3.274,3.274,3.274,3.274,3.274
Nov-2018,3.632,2.816,2.569,2.8,2.581,2.864,2.434,2.384,3.42,2.411,2.411,2.411,2.411,2.411,2.777,2.411,2.411,2.411,2.411,2.787,2.787,2.787,2.787,2.552,2.552,2.552,2.552,2.552,2.518,2.518,2.518,2.518,2.518,2.518,2.518,2.518,2.518,2.518,2.518,2.518,2.518,2.952,2.518,2.518,2.518,3.219,3.219,3.219,3.219,3.219
Dec-2018,3.368,2.477,2.306,2.649,2.25,2.673,2.09,2.074,3.146,2.098,2.098,2.098,2.098,2.098,2.582,2.098,2.098,2.098,2.098,2.576,2.576,2.576,2.576,2.27,2.27,2.27,2.27,2.27,2.183,2.183,2.183,2.183,2.183,2.183,2.183,2.183,2.183,2.183,2.183,2.183,2.183,2.663,2.183,2.183,2.183,3.002,3.002,3.002,3.002,3.002
Jan-2019,3.232,2.19,2.223,2.499,2.071,2.517,2.018,1.977,2.916,1.989,1.989,1.989,1.989,1.989,2.434,1.989,1.989,1.989,1.989,2.462,2.462,2.462,2.462,2.174,2.174,2.174,2.174,2.174,2.09,2.09,2.09,2.09,2.09,2.09,2.09,2.09,2.09,2.09,2.09,2.09,2.09,2.388,2.09,2.09,2.09,2.809,2.809,2.809,2.809,2.809
Feb-2019,3.236,2.131,2.316,2.433,2.178,2.47,2.256,2.08,2.818,2.083,2.083,2.083,2.083,2.083,2.397,2.083,2.083,2.083,2.083,2.475,2.475,2.475,2.475,2.254,2.254,2.254,2.254,2.254,2.238,2.238,2.238,2.238,2.238,2.238,2.238,2.238,2.238,2.238,2.238,2.238,2.238,2.271,2.238,2.238,2.238,2.71,2.71,2.71,2.71,2.71
Mar-2019,3.342,2.398,2.577,2.516,2.478,2.622,2.461,2.33,2.905,2.336,2.336,2.336,2.336,2.336,2.528,2.336,2.336,2.336,2.336,2.649,2.649,2.649,2.649,2.485,2.485,2.485,2.485,2.485,2.493,2.493,2.493,2.493,2.493,2.493,2.493,2.493,2.493,2.493,2.493,2.493,2.493,2.386,2.493,2.493,2.493,2.797,2.797,2.797,2.797,2.797
Apr-2019,3.894,2.729,2.769,2.725,2.714,2.84,2.675,2.589,3.313,2.576,2.576,2.576,2.576,2.576,2.74,2.576,2.576,2.576,2.576,2.871,2.871,2.871,2.871,2.714,2.714,2.714,2.714,2.714,2.757,2.757,2.757,2.757,2.757,2.757,2.757,2.757,2.757,2.757,2.757,2.757,2.757,2.738,2.757,2.757,2.757,3.203,3.203,3.203,3.203,3.203
May-2019,4.019,2.92,2.709,2.894,2.745,2.967,2.715,2.602,3.513,2.583,2.583,2.583,2.583,2.583,2.901,2.583,2.583,2.583,2.583,2.966,2.966,2.966,2.966,2.696,2.696,2.696,2.696,2.696,2.794,2.794,2.794,2.794,2.794,2.794,2.794,2.794,2.794,2.794,2.794,2.794,2.794,3.049,2.794,2.794,2.794,3.411,3.411,3.411,3.411,3.411
Jun-2019,3.787,2.876,2.542,2.791,2.64,2.86,2.61,2.437,3.392,2.423,2.423,2.423,2.423,2.423,2.778,2.423,2.423,2.423,2.423,2.839,2.839,2.839,2.839,2.538,2.538,2.538,2.538,2.538,2.673,2.673,2.673,2.673,2.673,2.673,2.673,2.673,2.673,2.673,2.673,2.673,2.673,3.016,2.673,2.673,2.673,3.284,3.284,3.284,3.284,3.284
Jul-2019,3.668,2.733,2.641,2.779,2.622,2.868,2.754,2.52,3.242,2.494,2.494,2.494,2.494,2.494,2.776,2.494,2.494,2.494,2.494,2.869,2.869,2.869,2.869,2.623,2.623,2.623,2.623,2.623,2.738,2.738,2.738,2.738,2.738,2.738,2.738,2.738,2.738,2.738,2.738,2.738,2.738,2.856,2.738,2.738,2.738,3.127,3.127,3.127,3.127,3.127
Aug-2019,3.555,2.608,2.451,2.746,2.572,2.822,2.631,2.405,3.17,2.38,2.38,2.38,2.38,2.38,2.72,2.38,2.38,2.38,2.38,2.782,2.782,2.782,2.782,2.481,2.481,2.481,2.481,2.481,2.599,2.599,2.599,2.599,2.599,2.599,2.599,2.599,2.599,2.599,2.599,2.599,2.599,2.765,2.599,2.599,2.599,3.054,3.054,3.054,3.054,3.054
Sep-2019,3.687,2.692,2.472,2.661,2.533,2.728,2.595,2.358,3.134,2.346,2.346,2.346,2.346,2.346,2.632,2.346,2.346,2.346,2.346,2.697,2.697,2.697,2.697,2.463,2.463,2.463,2.463,2.463,2.543,2.543,2.543,2.543,2.543,2.543,2.543,2.543,2.543,2.543,2.543,2.543,2.543,2.754,2.543,2.543,2.543,3.059,3.059,3.059,3.059,3.059
Oct-2019,4.116,2.822,2.46,2.638,2.52,2.676,2.563,2.324,3.294,2.337,2.337,2.337,2.337,2.337,2.599,2.337,2.337,2.337,2.337,2.676,2.676,2.676,2.676,2.453,2.453,2.453,2.453,2.453,2.523,2.523,2.523,2.523,2.523,2.523,2.523,2.523,2.523,2.523,2.523,2.523,2.523,2.812,2.523,2.523,2.523,3.227,3.227,3.227,3.227,3.227
Nov-2019,3.944,2.89,2.426,2.631,2.486,2.675,2.529,2.299,3.348,2.309,2.309,2.309,2.309,2.309,2.608,2.309,2.309,2.309,2.309,2.688,2.688,2.688,2.688,2.434,2.434,2.434,2.434,2.434,2.48,2.48,2.48,2.48,2.48,2.48,2.48,2.48,2.48,2.48,2.48,2.48,2.48,2.91,2.48,2.48,2.48,3.241,3.241,3.241,3.241,3.241
Dec-2019,3.61,2.843,2.496,2.627,2.418,2.67,2.61,2.285,3.163,2.302,2.302,2.302,2.302,2.302,2.608,2.302,2.302,2.302,2.302,2.675,2.675,2.675,2.675,2.459,2.459,2.459,2.459,2.459,2.475,2.475,2.475,2.475,2.475,2.475,2.475,2.475,2.475,2.475,2.475,2.475,2.475,2.833,2.475,2.475,2.475,3.091,3.091,3.091,3.091,3.091
Jan-2020,3.489,2.708,2.529,2.648,2.435,2.706,2.52,2.292,3.029,2.315,2.315,2.315,2.315,2.315,2.625,2.315,2.315,2.315,2.315,2.708,2.708,2.708,2.708,2.481,2.481,2.481,2.481,2.481,2.466,2.466,2.466,2.466,2.466,2.466,2.466,2.466,2.466,2.466,2.466,2.466,2.466,2.69,2.466,2.466,2.466,2.995,2.995,2.995,2.995,2.995
Feb-2020,3.447,2.574,2.403,2.584,2.325,2.604,2.374,2.161,2.994,2.188,2.188,2.188,2.188,2.188,2.54,2.188,2.188,2.188,2.188,2.599,2.599,2.599,2.599,2.351,2.351,2.351,2.351,2.351,2.367,2.367,2.367,2.367,2.367,2.367,2.367,2.367,2.367,2.367,2.367,2.367,2.367,2.584,2.367,2.367,2.367,2.962,2.962,2.962,2.962,2.962
Mar-2020,3.262,2.265,2.207,2.385,2.11,2.452,1.995,2.008,2.888,2.027,2.027,2.027,2.027,2.027,2.341,2.027,2.027,2.027,2.027,2.424,2.424,2.424,2.424,2.14,2.14,2.14,2.14,2.14,2.097,2.097,2.097,2.097,2.097,2.097,2.097,2.097,2.097,2.097,2.097,2.097,2.097,2.39,2.097,2.097,2.097,2.816,2.816,2.816,2.816,2.816
Apr-2020,2.827,1.89,1.886,2.015,1.622,2.205,1.499,1.595,2.455,1.645,1.645,1.645,1.645,1.645,1.977,1.645,1.645,1.645,1.645,2.138,2.138,2.138,2.138,1.818,1.818,1.818,1.818,1.818,1.604,1.604,1.604,1.604,1.604,1.604,1.604,1.604,1.604,1.604,1.604,1.604,1.604,2.002,1.604,1.604,1.604,2.414,2.414,2.414,2.414,2.414
May-2020,2.771,1.858,1.85,2,1.731,2.161,1.872,1.562,2.356,1.605,1.605,1.605,1.605,1.605,1.967,1.605,1.605,1.605,1.605,2.104,2.104,2.104,2.104,1.79,1.79,1.79,1.79,1.79,1.806,1.806,1.806,1.806,1.806,1.806,1.806,1.806,1.806,1.806,1.806,1.806,1.806,1.936,1.806,1.806,1.806,2.313,2.313,2.313,2.313,2.313
Jun-2020,2.972,2.397,2.026,2.116,2.032,2.229,2.114,1.804,2.574,1.824,1.824,1.824,1.824,1.824,2.11,1.824,1.824,1.824,1.824,2.233,2.233,2.233,2.233,1.981,1.981,1.981,1.981,1.981,2.071,2.071,2.071,2.071,2.071,2.071,2.071,2.071,2.071,2.071,2.071,2.071,2.071,2.314,2.071,2.071,2.071,2.488,2.488,2.488,2.488,2.488
Jul-2020,3.102,2.562,2.141,2.178,2.101,2.277,2.149,1.933,2.737,1.937,1.937,1.937,1.937,1.937,2.193,1.937,1.937,1.937,1.937,2.319,2.319,2.319,2.319,2.091,2.091,2.091,2.091,2.091,2.156,2.156,2.156,2.156,2.156,2.156,2.156,2.156,2.156,2.156,2.156,2.156,2.156,2.424,2.156,2.156,2.156,2.612,2.612,2.612,2.612,2.612
Aug-2020,3.156,2.494,2.145,2.185,2.087,2.266,2.132,1.918,2.79,1.926,1.926,1.926,1.926,1.926,2.207,1.926,1.926,1.926,1.926,2.323,2.323,2.323,2.323,2.092,2.092,2.092,2.092,2.092,2.129,2.129,2.129,2.129,2.129,2.129,2.129,2.129,2.129,2.129,2.129,2.129,2.129,2.457,2.129,2.129,2.129,2.636,2.636,2.636,2.636,2.636
Sep-2020,3.174,2.406,2.187,2.184,2.102,2.271,2.082,1.912,2.806,1.929,1.929,1.929,1.929,1.929,2.21,1.929,1.929,1.929,1.929,2.349,2.349,2.349,2.349,2.123,2.123,2.123,2.123,2.123,2.104,2.104,2.104,2.104,2.104,2.104,2.104,2.104,2.104,2.104,2.104,2.104,2.104,2.423,2.104,2.104,2.104,2.627,2.627,2.627,2.627,2.627
Oct-2020,3.137,2.325,2.174,2.16,2.011,2.24,2.095,1.878,2.75,1.907,1.907,1.907,1.907,1.907,2.186,1.907,1.907,1.907,1.907,2.346,2.346,2.346,2.346,2.105,2.105,2.105,2.105,2.105,2.08,2.08,2.08,2.08,2.08,2.08,2.08,2.08,2.08,2.08,2.08,2.08,2.08,2.361,2.08,2.08,2.08,2.574,2.574,2.574,2.574,2.574
Nov-2020,3.115,2.241,2.054,2.142,1.968,2.223,2.006,1.814,2.721,1.851,1.851,1.851,1.851,1.851,2.17,1.851,1.851,1.851,1.851,2.327,2.327,2.327,2.327,2.039,2.039,2.039,2.039,2.039,2.015,2.015,2.015,2.015,2.015,2.015,2.015,2.015,2.015,2.015,2.015,2.015,2.015,2.297,2.015,2.015,2.015,2.538,2.538,2.538,2.538,2.538
Dec-2020,3.143,2.288,2.217,2.233,2.086,2.284,2.155,1.932,2.688,1.959,1.959,1.959,1.959,1.959,2.248,1.959,1.959,1.959,1.959,2.407,2.407,2.407,2.407,2.141,2.141,2.141,2.141,2.141,2.132,2.132,2.132,2.132,2.132,2.132,2.132,2.132,2.132,2.132,2.132,2.132,2.132,2.283,2.132,2.132,2.132,2.526,2.526,2.526,2.526,2.526
Jan-2021,3.262,2.391,2.343,2.381,2.255,2.431,2.319,2.085,2.696,2.112,2.112,2.112,2.112,2.112,2.391,2.112,2.112,2.112,2.112,2.542,2.542,2.542,2.542,2.284,2.284,2.284,2.284,2.284,2.287,2.287,2.287,2.287,2.287,2.287,2.287,2.287,2.287,2.287,2.287,2.287,2.287,2.33,2.287,2.287,2.287,2.602,2.602,2.602,2.602,2.602
Feb-2021,3.434,2.528,2.518,2.538,2.413,2.609,2.498,2.259,2.828,2.279,2.279,2.279,2.279,2.279,2.545,2.279,2.279,2.279,2.279,2.698,2.698,2.698,2.698,2.457,2.457,2.457,2.457,2.457,2.465,2.465,2.465,2.465,2.465,2.465,2.465,2.465,2.465,2.465,2.465,2.465,2.465,2.466,2.465,2.465,2.465,2.754,2.754,2.754,2.754,2.754
Mar-2021,3.781,2.918,2.836,2.792,2.752,2.872,2.736,2.585,3.187,2.617,2.617,2.617,2.617,2.617,2.801,2.617,2.617,2.617,2.617,2.941,2.941,2.941,2.941,2.751,2.751,2.751,2.751,2.751,2.782,2.782,2.782,2.782,2.782,2.782,2.782,2.782,2.782,2.782,2.782,2.782,2.782,2.906,2.782,2.782,2.782,3.139,3.139,3.139,3.139,3.139
Apr-2021,3.911,3.036,2.865,2.823,2.747,2.888,2.811,2.605,3.316,2.65,2.65,2.65,2.65,2.65,2.834,2.65,2.65,2.65,2.65,2.936,2.936,2.936,2.936,2.769,2.769,2.769,2.769,2.769,2.834,2.834,2.834,2.834,2.834,2.834,2.834,2.834,2.834,2.834,2.834,2.834,2.834,3.074,2.834,2.834,2.834,3.244,3.244,3.244,3.244,3.244
May-2021,4.068,3.157,2.894,2.943,2.815,3.03,2.914,2.74,3.477,2.768,2.768,2.768,2.768,2.768,2.967,2.768,2.768,2.768,2.768,3.082,3.082,3.082,3.082,2.892,2.892,2.892,2.892,2.892,2.941,2.941,2.941,2.941,2.941,2.941,2.941,2.941,2.941,2.941,2.941,2.941,2.941,3.207,2.941,2.941,2.941,3.38,3.38,3.38,3.38,3.38
Jun-2021,4.182,3.365,2.964,3.016,2.888,3.131,3.046,2.785,3.604,2.811,2.811,2.811,2.811,2.811,3.049,2.811,2.811,2.811,2.811,3.16,3.16,3.16,3.16,2.958,2.958,2.958,2.958,2.958,3.032,3.032,3.032,3.032,3.032,3.032,3.032,3.032,3.032,3.032,3.032,3.032,3.032,3.364,3.032,3.032,3.032,3.471,3.471,3.471,3.471,3.471
Jul-2021,4.253,3.596,3.03,3.088,3.003,3.196,3.122,2.861,3.798,2.886,2.886,2.886,2.886,2.886,3.118,2.886,2.886,2.886,2.886,3.225,3.225,3.225,3.225,3.004,3.004,3.004,3.004,3.004,3.094,3.094,3.094,3.094,3.094,3.094,3.094,3.094,3.094,3.094,3.094,3.094,3.094,3.627,3.094,3.094,3.094,3.606,3.606,3.606,3.606,3.606
Aug-2021,4.319,3.727,3.024,3.112,3.038,3.227,3.038,2.867,3.864,2.889,2.889,2.889,2.889,2.889,3.131,2.889,2.889,2.889,2.889,3.258,3.258,3.258,3.258,3.014,3.014,3.014,3.014,3.014,3.094,3.094,3.094,3.094,3.094,3.094,3.094,3.094,3.094,3.094,3.094,3.094,3.094,3.771,3.094,3.094,3.094,3.679,3.679,3.679,3.679,3.679
Sep-2021,4.31,3.689,3.084,3.162,3.031,3.3,3.084,2.859,3.859,2.894,2.894,2.894,2.894,2.894,3.171,2.894,2.894,2.894,2.894,3.307,3.307,3.307,3.307,3.05,3.05,3.05,3.05,3.05,3.103,3.103,3.103,3.103,3.103,3.103,3.103,3.103,3.103,3.103,3.103,3.103,3.103,3.724,3.103,3.103,3.103,3.674,3.674,3.674,3.674,3.674
Oct-2021,4.4,3.645,3.219,3.308,3.111,3.424,3.22,2.976,3.848,3.025,3.025,3.025,3.025,3.025,3.32,3.025,3.025,3.025,3.025,3.439,3.439,3.439,3.439,3.192,3.192,3.192,3.192,3.192,3.217,3.217,3.217,3.217,3.217,3.217,3.217,3.217,3.217,3.217,3.217,3.217,3.217,3.676,3.217,3.217,3.217,3.716,3.716,3.716,3.716,3.716
Nov-2021,4.598,3.602,3.348,3.479,3.201,3.569,3.274,3.073,3.857,3.126,3.126,3.126,3.126,3.126,3.492,3.126,3.126,3.126,3.126,3.567,3.567,3.567,3.567,3.314,3.314,3.314,3.314,3.314,3.27,3.27,3.27,3.27,3.27,3.27,3.27,3.27,3.27,3.27,3.27,3.27,3.27,3.646,3.27,3.27,3.27,3.828,3.828,3.828,3.828,3.828
Dec-2021,4.597,3.445,3.276,3.447,3.122,3.515,3.061,2.967,3.826,3.016,3.016,3.016,3.016,3.016,3.464,3.016,3.016,3.016,3.016,3.521,3.521,3.521,3.521,3.216,3.216,3.216,3.216,3.216,3.129,3.129,3.129,3.129,3.129,3.129,3.129,3.129,3.129,3.129,3.129,3.129,3.129,3.535,3.129,3.129,3.129,3.821,3.821,3.821,3.821,3.821
Jan-2022,4.584,3.378,3.268,3.409,3.16,3.494,3.112,3.005,3.908,3.043,3.043,3.043,3.043,3.043,3.434,3.043,3.043,3.043,3.043,3.498,3.498,3.498,3.498,3.209,3.209,3.209,3.209,3.209,3.171,3.171,3.171,3.171,3.171,3.171,3.171,3.171,3.171,3.171,3.171,3.171,3.171,3.451,3.171,3.171,3.171,3.838,3.838,3.838,3.838,3.838
Feb-2022,4.66,3.421,3.52,3.575,3.391,3.726,3.364,3.253,3.946,3.283,3.283,3.283,3.283,3.283,3.585,3.283,3.283,3.283,3.283,3.709,3.709,3.709,3.709,3.457,3.457,3.457,3.457,3.457,3.416,3.416,3.416,3.416,3.416,3.416,3.416,3.416,3.416,3.416,3.416,3.416,3.416,3.452,3.416,3.416,3.416,3.916,3.916,3.916,3.916,3.916
Mar-2022,5.655,4.014,4.186,4.31,3.928,4.369,4.066,3.938,4.634,3.989,3.989,3.989,3.989,3.989,4.305,3.989,3.989,3.989,3.989,4.335,4.335,4.335,4.335,4.141,4.141,4.141,4.141,4.141,4.085,4.085,4.085,4.085,4.085,4.085,4.085,4.085,4.085,4.085,4.085,4.085,4.085,4.171,4.085,4.085,4.085,4.67,4.67,4.67,4.67,4.67
Apr-2022,5.692,4.039,4.105,4.171,3.903,4.188,3.849,3.784,4.615,3.841,3.841,3.841,3.841,3.841,4.127,3.841,3.841,3.841,3.841,4.187,4.187,4.187,4.187,3.971,3.971,3.971,3.971,3.971,3.977,3.977,3.977,3.977,3.977,3.977,3.977,3.977,3.977,3.977,3.977,3.977,3.977,4.265,3.977,3.977,3.977,4.703,4.703,4.703,4.703,4.703
May-2022,5.871,4.193,4.428,4.634,4.106,4.718,4.278,4.165,4.936,4.173,4.173,4.173,4.173,4.173,4.588,4.173,4.173,4.173,4.173,4.674,4.674,4.674,4.674,4.277,4.277,4.277,4.277,4.277,4.323,4.323,4.323,4.323,4.323,4.323,4.323,4.323,4.323,4.323,4.323,4.323,4.323,4.405,4.323,4.323,4.323,4.956,4.956,4.956,4.956,4.956
Jun-2022,6.294,4.926,4.809,5.074,4.749,4.954,4.956,4.67,5.44,4.65,4.65,4.65,4.65,4.65,5.048,4.65,4.65,4.65,4.65,5.015,5.015,5.015,5.015,4.697,4.697,4.697,4.697,4.697,4.948,4.948,4.948,4.948,4.948,4.948,4.948,4.948,4.948,4.948,4.948,4.948,4.948,5.013,4.948,4.948,4.948,5.469,5.469,5.469,5.469,5.469
Jul-2022,5.897,4.876,4.339,4.728,4.585,4.696,4.478,4.144,5.238,4.173,4.173,4.173,4.173,4.173,4.748,4.173,4.173,4.173,4.173,4.72,4.72,4.72,4.72,4.295,4.295,4.295,4.295,4.295,4.567,4.567,4.567,4.567,4.567,4.567,4.567,4.567,4.567,4.567,4.567,4.567,4.567,4.978,4.567,4.567,4.567,5.208,5.208,5.208,5.208,5.208
Aug-2022,5.333,4.089,3.722,4.346,3.975,4.276,3.705,3.535,4.789,3.566,3.566,3.566,3.566,3.566,4.302,3.566,3.566,3.566,3.566,4.271,4.271,4.271,4.271,3.709,3.709,3.709,3.709,3.709,3.881,3.881,3.881,3.881,3.881,3.881,3.881,3.881,3.881,3.881,3.881,3.881,3.881,4.361,3.881,3.881,3.881,4.697,4.697,4.697,4.697,4.697
Sep-2022,5.375,3.708,3.473,3.826,3.715,3.794,3.584,3.194,4.644,3.241,3.241,3.241,3.241,3.241,3.753,3.241,3.241,3.241,3.241,3.806,3.806,3.806,3.806,3.425,3.425,3.425,3.425,3.425,3.66,3.66,3.66,3.66,3.66,3.66,3.66,3.66,3.66,3.66,3.66,3.66,3.66,4.019,3.66,3.66,3.66,4.566,4.566,4.566,4.566,4.566
Oct-2022,5.905,3.681,3.346,3.7,3.741,3.7,3.818,3.23,5.093,3.3,3.3,3.3,3.3,3.3,3.67,3.3,3.3,3.3,3.3,3.798,3.798,3.798,3.798,3.383,3.383,3.383,3.383,3.383,3.814,3.814,3.814,3.814,3.814,3.814,3.814,3.814,3.814,3.814,3.814,3.814,3.814,3.986,3.814,3.814,3.814,5.037,5.037,5.037,5.037,5.037
Nov-2022,5.173,3.43,3.497,3.912,3.538,3.874,3.74,3.065,4.655,3.149,3.149,3.149,3.149,3.149,3.904,3.149,3.149,3.149,3.149,3.952,3.952,3.952,3.952,3.394,3.394,3.394,3.394,3.394,3.66,3.66,3.66,3.66,3.66,3.66,3.66,3.66,3.66,3.66,3.66,3.66,3.66,3.774,3.66,3.66,3.66,4.609,4.609,4.609,4.609,4.609
Dec-2022,4.418,3,3.135,3.578,3.107,3.533,3.103,2.719,3.99,2.801,2.801,2.801,2.801,2.801,3.549,2.801,2.801,2.801,2.801,3.572,3.572,3.572,3.572,3.054,3.054,3.054,3.054,3.054,3.088,3.088,3.088,3.088,3.088,3.088,3.088,3.088,3.088,3.088,3.088,3.088,3.088,3.298,3.088,3.088,3.088,3.958,3.958,3.958,3.958,3.958
